SL no,S/C No.,Name,Address,Phase,Meter Number ,Service Connection number
1,4030,Casa Grande Homes Pvt. Ltd.,"M/s.s.prabhu Kumar,a-101,casa Grande Homes Pvt. Ltd.,kanathur Reddy Kuppam",3,6912021,95790074030
2,4031,Casa Grande Homes Pvt. Ltd.,"M/s.s.prabhu Kumar,a-102,s.no.35/2a2,2b2,36/2b,3,37/1,2,kanathur Reddy Kupp",3,6912022,95790074031
3,4032,Casa Grande Homes Pvt. Ltd.,"M/s.s.prabhu Kumar,a-201,s.no.35/2a2,2b2,36/2b,3,37/1,2,kanathur Reddy Kupp",3,6912023,95790074032
4,4033,Casa Grande Homes Pvt. Ltd.,"M/s.s.prabhu Kumar,a-202,s.no.35/2a2,2b2,36/2b,3,37/1,2,kanathur Reddy Kupp",3,6912024,95790074033
5,4034,Casa Grande Homes Pvt. Ltd.,"M/s.s.prabhu Kumar,a-301,s.no.35/2a2,2b2,36/2b,3,37/1,2,kanathur Reddy Kupp",3,6912025,95790074034
6,4035,Casa Grande Homes Pvt. Ltd.,"M/s.s.prabhu Kumar,a-302,s.no.35/2a2,2b2,36/2b,3,37/1,2,kanathur Reddy Kupp",3,6912026,95790074035
7,4036,Casa Grande Homes Pvt. Ltd.,"M/s.s.prabhu Kumar,a-401,s.no.35/2a2,2b2,36/2b,3,37/1,2,kanathur Reddy Kupp",3,6912027,95790074036
8,4037,Casa Grande Homes Pvt. Ltd.,"M/s.s.prabhu Kumar,a-402,s.no.35/2a2,2b2,36/2b,3,37/1,2,kanathur Reddy Kupp",3,6912028,95790074037
9,4038,Casa Grande Homes Pvt. Ltd.,"M/s.s.prabhu Kumar,a-501,s.no.35/2a2,2b2,36/2b,3,37/1,2,kanathur Reddy Kupp",3,6912029,95790074038
10,4039,Casa Grande Homes Pvt. Ltd.,"M/s.s.prabhu Kumar,a-502,s.no.35/2a2,2b2,36/2b,3,37/1,2,kanathur Reddy Kupp",3,6912030,95790074039
11,4040,Casa Grande Homes Pvt. Ltd.,"M/s.s.prabhu Kumar,a-601,s.no.35/2a2,2b2,36/2b,3,37/1,2,kanathur Reddy Kupp",3,6912761,95790074040
12,4041,Casa Grande Homes Pvt. Ltd.,"M/s.s.prabhu Kumar,a-602,s.no.35/2a2,2b2,36/2b,3,37/1,2,kanathur Reddy Kupp",3,6912762,95790074041
13,4042,Casa Grande Homes Pvt. Ltd.,"M/s.s.prabhu Kumar,a-701,s.no.35/2a2,2b2,36/2b,3,37/1,2,kanathur Reddy Kupp",3,6912763,95790074042
14,4043,Casa Grande Homes Pvt. Ltd.,"M/s.s.prabhu Kumar,a-702,s.no.35/2a2,2b2,36/2b,3,37/1,2,kanathur Reddy Kupp",3,6912764,95790074043
15,4044,Casa Grande Homes Pvt. Ltd.,"M/s.s.prabhu Kumar,a-801,s.no.35/2a2,2b2,36/2b,3,37/1,2,kanathur Reddy Kupp",3,6912765,95790074044
16,4045,Casa Grande Homes Pvt. Ltd.,"M/s.s.prabhu Kumar,a-802,s.no.35/2a2,2b2,36/2b,3,37/1,2,kanathur Reddy Kupp",3,6912766,95790074045
17,4046,Casa Grande Homes Pvt. Ltd.,"M/s.s.prabhu Kumar,a-901,s.no.35/2a2,2b2,36/2b,3,37/1,2,kanathur Reddy Kupp",3,6912767,95790074046
18,4047,Casa Grande Homes Pvt. Ltd.,"M/s.s.prabhu Kumar,a-902,s.no.35/2a2,2b2,36/2b,3,37/1,2,kanathur Reddy Kupp",3,6912768,95790074047
19,4048,Casa Grande Homes Pvt. Ltd.,"M/s.s.prabhu Kumar,a-1001,s.no.35/2a2,2b2,36/2b,3,37/1,2,kanathur Reddy Kup",3,6912769,95790074048
20,4049,Casa Grande Homes Pvt. Ltd.,"M/s.s.prabhu Kumar,ca-1002,s.no.35/2a2,2b2,36/2b,3,37/1,2,kanathur Reddy Ku",3,6912770,95790074049
21,4050,Casa Grande Homes Pvt. Ltd.,"M/s.s.prabhu Kumar,a-1101,s.no.35/2a2,2b2,36/2b,3,37/1,2,kanathur Reddy Kup",3,6913401,95790074050
22,4051,Casa Grande Homes Pvt. Ltd.,"M/s.s.prabhu Kumar,a-1102,s.no.35/2a2,2b2,36/2b,3,37/1,2,kanathur Reddy Kup",3,6913402,95790074051
23,4052,Casa Grande Homes Pvt. Ltd.,"M/s.s.prabhu Kumar,a-1201,s.no.35/2a2,2b2,36/2b,3,37/1,2,kanathur Reddy Kup",3,6913403,95790074052
24,4053,Casa Grande Homes Pvt. Ltd.,"M/s.s.prabhu Kumar,a-1202,s.no.35/2a2,2b2,36/2b,3,37/1,2,kanathur Reddy Kup",3,6913404,95790074053
25,4054,Casa Grande Homes Pvt. Ltd.,"M/s.s.prabhu Kumar,a-1301,s.no.35/2a2,2b2,36/2b,3,37/1,2,kanathur Reddy Kup",3,6913405,95790074054
26,4055,Casa Grande Homes Pvt. Ltd.,"M/s.s.prabhu Kumar,a-1302,s.no.35/2a2,2b2,36/2b,3,37/1,2,kanathur Reddy Kup",3,6913406,95790074055
27,4056,Casa Grande Homes Pvt. Ltd.,"M/s.s.prabhu Kumar,b-1302,s.no.35/2a2,2b2,36/2b,3,37/1,2,kanathur Reddy Kup",3,6913407,95790074056
28,4057,Casa Grande Homes Pvt. Ltd.,"M/s.s.prabhu Kumar,b-1303,s.no.35/2a2,2b2,36/2b,3,37/1,2,kanathur Reddy Kup",3,6913408,95790074057
29,4058,Casa Grande Homes Pvt. Ltd.,"M/s.s.prabhu Kumar,b-101,s.no.35/2a2,2b2,36/2b,3,37/1,2,kanathur Reddy Kupp",3,6913409,95790074058
30,4059,Casa Grande Homes Pvt. Ltd.,"M/s.s.prabhu Kumar,b-102,s.no.35/2a2,2b2,36/2b,3,37/1,2,kanathur Reddy Kupp",3,6913410,95790074059
31,4060,Casa Grande Homes Pvt. Ltd.,"M/s.s.prabhu Kumar,b-103,s.no.35/2a2,2b2,36/2b,3,37/1,2,kanathur Reddy Kupp",3,6913681,95790074060
32,4061,Casa Grande Homes Pvt. Ltd.,"M/s.s.prabhu Kumar,b-104,s.no.35/2a2,2b2,36/2b,3,37/1,2,kanathur Reddy Kupp",3,6913682,95790074061
33,4062,Casa Grande Homes Pvt. Ltd.,"M/s.s.prabhu Kumar,b-201,s.no.35/2a2,2b2,36/2b,3,37/1,2,kanathur Reddy Kupp",3,6913683,95790074062
34,4063,Casa Grande Homes Pvt. Ltd.,"M/s.s.prabhu Kumar,b-202,s.no.35/2a2,2b2,36/2b,3,37/1,2,kanathur Reddy Kupp",3,6913684,95790074063
35,4064,Casa Grande Homes Pvt. Ltd.,"M/s.s.prabhu Kumar,b-203,s.no.35/2a2,2b2,36/2b,3,37/1,2,kanathur Reddy Kupp",3,6913685,95790074064
36,4065,Casa Grande Homes Pvt. Ltd.,"M/s.s.prabhu Kumar,b-204,s.no.35/2a2,2b2,36/2b,3,37/1,2,kanathur Reddy Kupp",3,6913686,95790074065
37,4066,Casa Grande Homes Pvt. Ltd.,"M/s.s.prabhu Kumar,b-301,s.no.35/2a2,2b2,36/2b,3,37/1,2,kanathur Reddy Kupp",3,6913687,95790074066
38,4067,Casa Grande Homes Pvt. Ltd.,"M/s.s.prabhu Kumar,b-302,s.no.35/2a2,2b2,36/2b,3,37/1,2,kanathur Reddy Kupp",3,6913688,95790074067
39,4068,Casa Grande Homes Pvt. Ltd.,"M/s.s.prabhu Kumar,cb-303,s.no.35/2a2,2b2,36/2b,3,37/1,2,kanathur Reddy Kup",3,6913689,95790074068
40,4069,Casa Grande Homes Pvt. Ltd.,"M/s.s.prabhu Kumar,b-304,s.no.35/2a2,2b2,36/2b,3,37/1,2,kanathur Reddy Kupp",3,6913690,95790074069
41,4070,Casa Grande Homes Pvt. Ltd.,"M/s.s.prabhu Kumar,b-401,s.no.35/2a2,2b2,36/2b,3,37/1,2,kanathur Reddy Kupp",3,6913541,95790074070
42,4071,Casa Grande Homes Pvt. Ltd.,"M/s.s.prabhu Kumar,b-402,s.no.35/2a2,2b2,36/2b,3,37/1,2,kanathur Reddy Kupp",3,6913542,95790074071
43,4072,Casa Grande Homes Pvt. Ltd.,"M/s.s.prabhu Kumar,b-403,s.no.35/2a2,2b2,36/2b,3,37/1,2,kanathur Reddy Kupp",3,6913543,95790074072
44,4073,Casa Grande Homes Pvt. Ltd.,"M/s.s.prabhu Kumar,b-404,s.no.35/2a2,2b2,36/2b,3,37/1,2,kanathur Reddy Kupp",3,6913544,95790074073
45,4074,Casa Grande Homes Pvt. Ltd.,"M/s.s.prabhu Kumar,b-501,s.no.35/2a2,2b2,36/2b,3,37/1,2,kanathur Reddy Kupp",3,6913545,95790074074
46,4075,Casa Grande Homes Pvt. Ltd.,"M/s.s.prabhu Kumar,b-502,s.no.35/2a2,2b2,36/2b,3,37/1,2,kanathur Reddy Kupp",3,6913546,95790074075
47,4076,Casa Grande Homes Pvt. Ltd.,"M/s.s.prabhu Kumar,b-503,s.no.35/2a2,2b2,36/2b,3,37/1,2,kanathur Reddy Kupp",3,6913547,95790074076
48,4077,Casa Grande Homes Pvt. Ltd.,"M/s.s.prabhu Kumar,b-504,s.no.35/2a2,2b2,36/2b,3,37/1,2,kanathur Reddy Kupp",3,6913548,95790074077
49,4078,Casa Grande Homes Pvt. Ltd.,"M/s.s.prabhu Kumar,b-601,s.no.35/2a2,2b2,36/2b,3,37/1,2,kanathur Reddy Kupp",3,6913549,95790074078
50,4079,Casa Grande Homes Pvt. Ltd.,"M/s.s.prabhu Kumar,b-602,s.no.35/2a2,2b2,36/2b,3,37/1,2,kanathur Reddy Kupp",3,6913550,95790074079
51,4080,Casa Grande Homes Pvt. Ltd.,"M/s.s.prabhu Kumar,b-603,s.no.35/2a2,2b2,36/2b,3,37/1,2,kanathur Reddy Kupp",3,6912221,95790074080
52,4081,Casa Grande Homes Pvt. Ltd.,"M/s.s.prabhu Kumar,b-604,s.no.35/2a2,2b2,36/2b,3,37/1,2,kanathur Reddy Kupp",3,6912222,95790074081
53,4082,Casa Grande Homes Pvt. Ltd.,"M/s.s.prabhu Kumar,b-701,s.no.35/2a2,2b2,36/2b,3,37/1,2,kanathur Reddy Kupp",3,6912223,95790074082
54,4083,Casa Grande Homes Pvt. Ltd.,"M/s.s.prabhu Kumar,b-702,s.no.35/2a2,2b2,36/2b,3,37/1,2,kanathur Reddy Kupp",3,6912224,95790074083
55,4084,Casa Grande Homes Pvt. Ltd.,"M/s.s.prabhu Kumar,b-703,s.no.35/2a2,2b2,36/2b,3,37/1,2,kanathur Reddy Kupp",3,6912225,95790074084
56,4085,Casa Grande Homes Pvt. Ltd.,"M/s.s.prabhu Kumar,b-704,s.no.35/2a2,2b2,36/2b,3,37/1,2,kanathur Reddy Kupp",3,6912226,95790074085
57,4086,Casa Grande Homes Pvt. Ltd.,"M/s.s.prabhu Kumar,b-801,s.no.35/2a2,2b2,36/2b,3,37/1,2,kanathur Reddy Kupp",3,6912227,95790074086
58,4087,Casa Grande Homes Pvt. Ltd.,"M/s.s.prabhu Kumar,b-802,s.no.35/2a2,2b2,36/2b,3,37/1,2,kanathur Reddy Kupp",3,6912228,95790074087
59,4088,Casa Grande Homes Pvt. Ltd.,"M/s.s.prabhu Kumar,b-803,s.no.35/2a2,2b2,36/2b,3,37/1,2,kanathur Reddy Kupp",3,6912229,95790074088
60,4089,Casa Grande Homes Pvt. Ltd.,"M/s.s.prabhu Kumar,b-804,s.no.35/2a2,2b2,36/2b,3,37/1,2,kanathur Reddy Kupp",3,6912230,95790074089
61,4090,Casa Grande Homes Pvt. Ltd.,"M/s.s.prabhu Kumar,b-901,s.no.35/2a2,2b2,36/2b,3,37/1,2,kanathur Reddy Kupp",3,6916231,95790074090
62,4091,Casa Grande Homes Pvt. Ltd.,"M/s.s.prabhu Kumar,b-902,s.no.35/2a2,2b2,36/2b,3,37/1,2,kanathur Reddy Kupp",3,6916232,95790074091
63,4092,Casa Grande Homes Pvt. Ltd.,"M/s.s.prabhu Kumar,b-903,s.no.35/2a2,2b2,36/2b,3,37/1,2,kanathur Reddy Kupp",3,6916233,95790074092
64,4093,Casa Grande Homes Pvt. Ltd.,"M/s.s.prabhu Kumar,b-904,s.no.35/2a2,2b2,36/2b,3,37/1,2,kanathur Reddy Kupp",3,6916234,95790074093
65,4094,Casa Grande Homes Pvt. Ltd.,"M/s.s.prabhu Kumar,b-1001,s.no.35/2a2,2b2,36/2b,3,37/1,2,kanathur Reddy Kup",3,6916235,95790074094
66,4095,Casa Grande Homes Pvt. Ltd.,"M/s.s.prabhu Kumar,b-1002,s.no.35/2a2,2b2,36/2b,3,37/1,2,kanathur Reddy Kup",3,6916236,95790074095
67,4096,Casa Grande Homes Pvt. Ltd.,"M/s.s.prabhu Kumar,b-1003,s.no.35/2a2,2b2,36/2b,3,37/1,2,kanathur Reddy Kup",3,6916237,95790074096
68,4097,Casa Grande Homes Pvt. Ltd.,"M/s.s.prabhu Kumar,b-1004,s.no.35/2a2,2b2,36/2b,3,37/1,2,kanathur Reddy Kup",3,6916238,95790074097
69,4098,Casa Grande Homes Pvt. Ltd.,"M/s.s.prabhu Kumar,b-1101,s.no.35/2a2,2b2,36/2b,3,37/1,2,kanathur Reddy Kup",3,6916239,95790074098
70,4099,Casa Grande Homes Pvt. Ltd.,"M/s.s.prabhu Kumar,b-1102,s.no.35/2a2,2b2,36/2b,3,37/1,2,kanathur Reddy Kup",3,6916240,95790074099
71,4100,Casa Grande Homes Pvt. Ltd.,"M/s.s.prabhu Kumar,b-1103,s.no.35/2a2,2b2,36/2b,3,37/1,2,kanathur Reddy Kup",3,6913441,95790074100
72,4101,Casa Grande Homes Pvt. Ltd.,"M/s.s.prabhu Kumar,b-1104,s.no.35/2a2,2b2,36/2b,3,37/1,2,kanathur Reddy Kup",3,6913442,95790074101
73,4102,Casa Grande Homes Pvt. Ltd.,"M/s.s.prabhu Kumar,b-1201,s.no.35/2a2,2b2,36/2b,3,37/1,2,kanathur Reddy Kup",3,6913443,95790074102
74,4103,Casa Grande Homes Pvt. Ltd.,"M/s.s.prabhu Kumar,b-1202,s.no.35/2a2,2b2,36/2b,3,37/1,2,kanathur Reddy Kup",3,6913444,95790074103
75,4104,Casa Grande Homes Pvt. Ltd.,"M/s.s.prabhu Kumar,b-1203,s.no.35/2a2,2b2,36/2b,3,37/1,2,kanathur Reddy Kup",3,6913445,95790074104
76,4105,Casa Grande Homes Pvt. Ltd.,"M/s.s.prabhu Kumar,b-1204,s.no.35/2a2,2b2,36/2b,3,37/1,2,kanathur Reddy Kup",3,6913446,95790074105
77,4106,Casa Grande Homes Pvt. Ltd.,"M/s.s.prabhu Kumar,b-1301,s.no.35/2a2,2b2,36/2b,3,37/1,2,kanathur Reddy Kup",3,6913447,95790074106
78,4107,Casa Grande Homes Pvt. Ltd.,"B-1304,casa Grande Homes,kanathur Reddy",3,6913448,95790074107
79,4108,Casa Grande Homes Pvt. Ltd.,"B-1401,casa Grande Homes,kanathur Reddy",3,6913449,95790074108
80,4109,Casa Grande Homes Pvt. Ltd.,"B-1404,casa Grande Homes,kanathur Reddy",3,6913450,95790074109
81,4110,Casa Grande Homes Pvt. Ltd.,"M/s.s.prabhu Kumar,c-102,s.no.35/2a2,2b2,36/2b,3,37/1,2,kanathur Reddy Kupp",3,6914501,95790074110
82,4111,Casa Grande Homes Pvt. Ltd.,"M/s.s.prabhu Kumar,c-103,s.no.35/2a2,2b2,36/2b,3,37/1,2,kanathur Reddy Kupp",3,6914502,95790074111
83,4112,Casa Grande Homes Pvt. Ltd.,"M/s.s.prabhu Kumar,c-104,s.no.35/2a2,2b2,36/2b,3,37/1,2,kanathur Reddy Kupp",3,6914503,95790074112
84,4113,Casa Grande Homes Pvt. Ltd.,"M/s.s.prabhu Kumar,c-201,s.no.35/2a2,2b2,36/2b,3,37/1,2,kanathur Reddy Kupp",3,6914504,95790074113
85,4114,Casa Grande Homes Pvt. Ltd.,"M/s.s.prabhu Kumar,c-202,s.no.35/2a2,2b2,36/2b,3,37/1,2,kanathur Reddy Kupp",3,6914505,95790074114
86,4115,Casa Grande Homes Pvt. Ltd.,"M/s.s.prabhu Kumar,c-203,s.no.35/2a2,2b2,36/2b,3,37/1,2,kanathur Reddy Kupp",3,6914506,95790074115
87,4116,Casa Grande Homes Pvt. Ltd.,"M/s.s.prabhu Kumar,c-204,s.no.35/2a2,2b2,36/2b,3,37/1,2,kanathur Reddy Kupp",3,6914507,95790074116
88,4117,Casa Grande Homes Pvt. Ltd.,"M/s.s.prabhu Kumar,c-301,s.no.35/2a2,2b2,36/2b,3,37/1,2,kanathur Reddy Kupp",3,6914508,95790074117
89,4118,Casa Grande Homes Pvt. Ltd.,"M/s.s.prabhu Kumar,c-302,s.no.35/2a2,2b2,36/2b,3,37/1,2,kanathur Reddy Kupp",3,6914509,95790074118
90,4119,Casa Grande Homes Pvt. Ltd.,"M/s.s.prabhu Kumar,c-303,s.no.35/2a2,2b2,36/2b,3,37/1,2,kanathur Reddy Kupp",3,6914510,95790074119
91,4120,Casa Grande Homes Pvt. Ltd.,"M/s.s.prabhu Kumar,c-304,s.no.35/2a2,2b2,36/2b,3,37/1,2,kanathur Reddy Kupp",3,6914991,95790074120
92,4121,Casa Grande Homes Pvt. Ltd.,"M/s.s.prabhu Kumar,c-401,s.no.35/2a2,2b2,36/2b,3,37/1,2,kanathur Reddy Kupp",3,6914992,95790074121
93,4122,Casa Grande Homes Pvt. Ltd.,"M/s.s.prabhu Kumar,c-402,s.no.35/2a2,2b2,36/2b,3,37/1,2,kanathur Reddy Kupp",3,6914993,95790074122
94,4123,Casa Grande Homes Pvt. Ltd.,"M/s.s.prabhu Kumar,c-403,s.no.35/2a2,2b2,36/2b,3,37/1,2,kanathur Reddy Kupp",3,6914994,95790074123
95,4124,Casa Grande Homes Pvt. Ltd.,"M/s.s.prabhu Kumar,c-404,s.no.35/2a2,2b2,36/2b,3,37/1,2,kanathur Reddy Kupp",3,6914995,95790074124
96,4125,Casa Grande Homes Pvt. Ltd.,"M/s.s.prabhu Kumar,c-501,s.no.35/2a2,2b2,36/2b,3,37/1,2,kanathur Reddy Kupp",3,6914996,95790074125
97,4126,Casa Grande Homes Pvt. Ltd.,"M/s.s.prabhu Kumar,c-502,s.no.35/2a2,2b2,36/2b,3,37/1,2,kanathur Reddy Kupp",3,6914997,95790074126
98,4127,Casa Grande Homes Pvt. Ltd.,"M/s.s.prabhu Kumar,c-503,s.no.35/2a2,2b2,36/2b,3,37/1,2,kanathur Reddy Kupp",3,6914998,95790074127
99,4128,Casa Grande Homes Pvt. Ltd.,"M/s.s.prabhu Kumar,c-504,s.no.35/2a2,2b2,36/2b,3,37/1,2,kanathur Reddy Kupp",3,6914999,95790074128
100,4129,Casa Grande Homes Pvt. Ltd.,"M/s.s.prabhu Kumar,c-601,s.no.35/2a2,2b2,36/2b,3,37/1,2,kanathur Reddy Kupp",3,6915000,95790074129
101,4130,Casa Grande Homes Pvt. Ltd.,"M/s.s.prabhu Kumar,c-602,s.no.35/2a2,2b2,36/2b,3,37/1,2,kanathur Reddy Kupp",3,6913331,95790074130
102,4131,Casa Grande Homes Pvt. Ltd.,"M/s.s.prabhu Kumar,c-603,s.no.35/2a2,2b2,36/2b,3,37/1,2,kanathur Reddy Kupp",3,6913332,95790074131
103,4132,Casa Grande Homes Pvt. Ltd.,"M/s.s.prabhu Kumar,c-604,s.no.35/2a2,2b2,36/2b,3,37/1,2,kanathur Reddy Kupp",3,6913333,95790074132
104,4133,Casa Grande Homes Pvt. Ltd.,"M/s.s.prabhu Kumar,c-701,s.no.35/2a2,2b2,36/2b,3,37/1,2,kanathur Reddy Kupp",3,6913334,95790074133
105,4134,Casa Grande Homes Pvt. Ltd.,"M/s.s.prabhu Kumar,c-702,s.no.35/2a2,2b2,36/2b,3,37/1,2,kanathur Reddy Kupp",3,6913335,95790074134
106,4135,Casa Grande Homes Pvt. Ltd.,"M/s.s.prabhu Kumar,c-703,s.no.35/2a2,2b2,36/2b,3,37/1,2,kanathur Reddy Kupp",3,6913336,95790074135
107,4136,Casa Grande Homes Pvt. Ltd.,"M/s.s.prabhu Kumar,c-704,s.no.35/2a2,2b2,36/2b,3,37/1,2,kanathur Reddy Kupp",3,6913337,95790074136
108,4137,Casa Grande Homes Pvt. Ltd.,"M/s.s.prabhu Kumar,c-801,s.no.35/2a2,2b2,36/2b,3,37/1,2,kanathur Reddy Kupp",3,6913338,95790074137
109,4138,Casa Grande Homes Pvt. Ltd.,"M/s.s.prabhu Kumar,c-802,s.no.35/2a2,2b2,36/2b,3,37/1,2,kanathur Reddy Kupp",3,6913339,95790074138
110,4139,Casa Grande Homes Pvt. Ltd.,"M/s.s.prabhu Kumar,c-803,s.no.35/2a2,2b2,36/2b,3,37/1,2,kanathur Reddy Kupp",3,6913340,95790074139
111,4140,Casa Grande Homes Pvt. Ltd.,"M/s.s.prabhu Kumar,c-804,s.no.35/2a2,2b2,36/2b,3,37/1,2,kanathur Reddy Kupp",3,6912011,95790074140
112,4141,Casa Grande Homes Pvt. Ltd.,"M/s.s.prabhu Kumar,c-901,s.no.35/2a2,2b2,36/2b,3,37/1,2,kanathur Reddy Kupp",3,6912012,95790074141
113,4142,Casa Grande Homes Pvt. Ltd.,"M/s.s.prabhu Kumar,c-902,s.no.35/2a2,2b2,36/2b,3,37/1,2,kanathur Reddy Kupp",3,6912013,95790074142
114,4143,Casa Grande Homes Pvt. Ltd.,"M/s.s.prabhu Kumar,c-903,s.no.35/2a2,2b2,36/2b,3,37/1,2,kanathur Reddy Kupp",3,6912014,95790074143
115,4144,Casa Grande Homes Pvt. Ltd.,"M/s.s.prabhu Kumar,c-904,s.no.35/2a2,2b2,36/2b,3,37/1,2,kanathur Reddy Kupp",3,6912015,95790074144
116,4145,Casa Grande Homes Pvt. Ltd.,"M/s.s.prabhu Kumar,c-1001,s.no.35/2a2,2b2,36/2b,3,37/1,2,kanathur Reddy Kup",3,6912016,95790074145
117,4146,Casa Grande Homes Pvt. Ltd.,"M/s.s.prabhu Kumar,c-1002,s.no.35/2a2,2b2,36/2b,3,37/1,2,kanathur Reddy Kup",3,6912017,95790074146
118,4147,Casa Grande Homes Pvt. Ltd.,"M/s.s.prabhu Kumar,casa C-1003e,s.no.35/2a2,2b2,36/2b,3,37/1,2,kanathur Red",3,6912018,95790074147
119,4148,Casa Grande Homes Pvt. Ltd.,"M/s.s.prabhu Kumar,c-1004,s.no.35/2a2,2b2,36/2b,3,37/1,2,kanathur Reddy Kup",3,6912019,95790074148
120,4149,Casa Grande Homes Pvt. Ltd.,"M/s.s.prabhu Kumar,c-1101,s.no.35/2a2,2b2,36/2b,3,37/1,2,kanathur Reddy Kup",3,6912020,95790074149
121,4150,Casa Grande Homes Pvt. Ltd.,"M/s.s.prabhu Kumar,c-1102,s.no.35/2a2,2b2,36/2b,3,37/1,2,kanathur Reddy Kup",3,6911681,95790074150
122,4151,Casa Grande Homes Pvt. Ltd.,"M/s.s.prabhu Kumar,c-1103,s.no.35/2a2,2b2,36/2b,3,37/1,2,kanathur Reddy Kup",3,6911682,95790074151
123,4152,Casa Grande Homes Pvt. Ltd.,"M/s.s.prabhu Kumar,c-1104,s.no.35/2a2,2b2,36/2b,3,37/1,2,kanathur Reddy Kup",3,6911683,95790074152
124,4153,Casa Grande Homes Pvt. Ltd.,"M/s.s.prabhu Kumar,c-1202,s.no.35/2a2,2b2,36/2b,3,37/1,2,kanathur Reddy Kup",3,6911684,95790074153
125,4154,Casa Grande Homes Pvt. Ltd.,"M/s.s.prabhu Kumar,c-1203,s.no.35/2a2,2b2,36/2b,3,37/1,2,kanathur Reddy Kup",3,6911685,95790074154
126,4155,Casa Grande Homes Pvt. Ltd.,"M/s.s.prabhu Kumar,c-1301,s.no.35/2a2,2b2,36/2b,3,37/1,2,kanathur Reddy Kup",3,6911686,95790074155
127,4156,Casa Grande Homes Pvt. Ltd.,"M/s.s.prabhu Kumar,c-1302,s.no.35/2a2,2b2,36/2b,3,37/1,2,kanathur Reddy Kup",3,6911687,95790074156
128,4157,Casa Grande Homes Pvt. Ltd.,"M/s.s.prabhu Kumar,c-1303,s.no.35/2a2,2b2,36/2b,3,37/1,2,kanathur Reddy Kup",3,6911688,95790074157
129,4158,Casa Grande Homes Pvt. Ltd.,"C-1304,casa Grande Homes Pvt. Ltd.,kanathur",3,6911689,95790074158
130,4159,Casa Grande Homes Pvt. Ltd.,"M/s.s.prabhu Kumar,c-1402,s.no.35/2a2,2b2,36/2b,3,37/1,2,kanathur Reddy Kup",3,6911690,95790074159
131,4160,Casa Grande Homes Pvt. Ltd.,"M/s.s.prabhu Kumar,c-1403,s.no.35/2a2,2b2,36/2b,3,37/1,2,kanathur Reddy Kup",3,6913731,95790074160
132,4161,Casa Grande Homes Pvt. Ltd.,"M/s.s.prabhu Kumar,d-102,s.no.35/2a2,2b2,36/2b,3,37/1,2,kanathur Reddy Kupp",3,6913732,95790074161
133,4162,Casa Grande Homes Pvt. Ltd.,"M/s.s.prabhu Kumar,d-103,s.no.35/2a2,2b2,36/2b,3,37/1,2,kanathur Reddy Kupp",3,6913733,95790074162
134,4163,Casa Grande Homes Pvt. Ltd.,"M/s.s.prabhu Kumar,d-201,s.no.35/2a2,2b2,36/2b,3,37/1,2,kanathur Reddy Kupp",3,6913734,95790074163
135,4164,Casa Grande Homes Pvt. Ltd.,"M/s.s.prabhu Kumar,d-202,s.no.35/2a2,2b2,36/2b,3,37/1,2,kanathur Reddy Kupp",3,6913735,95790074164
136,4165,Casa Grande Homes Pvt. Ltd.,"M/s.s.prabhu Kumar,d-203,s.no.35/2a2,2b2,36/2b,3,37/1,2,kanathur Reddy Kupp",3,6913736,95790074165
137,4166,Casa Grande Homes Pvt. Ltd.,"M/s.s.prabhu Kumar,d-204,s.no.35/2a2,2b2,36/2b,3,37/1,2,kanathur Reddy Kupp",3,6913737,95790074166
138,4167,Casa Grande Homes Pvt. Ltd.,"M/s.s.prabhu Kumar,d-301,s.no.35/2a2,2b2,36/2b,3,37/1,2,kanathur Reddy Kupp",3,6913738,95790074167
139,4168,Casa Grande Homes Pvt. Ltd.,"M/s.s.prabhu Kumar,d-302,s.no.35/2a2,2b2,36/2b,3,37/1,2,kanathur Reddy Kupp",3,6913739,95790074168
140,4169,Casa Grande Homes Pvt. Ltd.,"M/s.s.prabhu Kumar,d-303,s.no.35/2a2,2b2,36/2b,3,37/1,2,kanathur Reddy Kupp",3,6913740,95790074169
141,4170,Casa Grande Homes Pvt. Ltd.,"M/s.s.prabhu Kumar,d-304,s.no.35/2a2,2b2,36/2b,3,37/1,2,kanathur Reddy Kupp",3,6912671,95790074170
142,4171,Casa Grande Homes Pvt. Ltd.,"M/s.s.prabhu Kumar,d-401,s.no.35/2a2,2b2,36/2b,3,37/1,2,kanathur Reddy Kupp",3,6912672,95790074171
143,4172,Casa Grande Homes Pvt. Ltd.,"M/s.s.prabhu Kumar,d-402,s.no.35/2a2,2b2,36/2b,3,37/1,2,kanathur Reddy Kupp",3,6912673,95790074172
144,4173,Casa Grande Homes Pvt. Ltd.,"M/s.s.prabhu Kumar,d-403,s.no.35/2a2,2b2,36/2b,3,37/1,2,kanathur Reddy Kupp",3,6912674,95790074173
145,4174,Casa Grande Homes Pvt. Ltd.,"M/s.s.prabhu Kumar,d-404,.no.35/2a2,2b2,36/2b,3,37/1,2,kanathur Reddy Kuppa",3,6912675,95790074174
146,4175,Casa Grande Homes Pvt. Ltd.,"M/s.s.prabhu Kumar,d-501,s.no.35/2a2,2b2,36/2b,3,37/1,2,kanathur Reddy Kupp",3,6912676,95790074175
147,4176,Casa Grande Homes Pvt. Ltd.,"M/s.s.prabhu Kumar,d-502,s.no.35/2a2,2b2,36/2b,3,37/1,2,kanathur Reddy Kupp",3,6912677,95790074176
148,4177,Casa Grande Homes Pvt. Ltd.,"M/s.s.prabhu Kumar,d-503,s.no.35/2a2,2b2,36/2b,3,37/1,2,kanathur Reddy Kupp",3,6912678,95790074177
149,4178,Casa Grande Homes Pvt. Ltd.,"M/s.s.prabhu Kumar,d-504,s.no.35/2a2,2b2,36/2b,3,37/1,2,kanathur Reddy Kupp",3,6912679,95790074178
150,4179,Casa Grande Homes Pvt. Ltd.,"M/s.s.prabhu Kumar,d-601,s.no.35/2a2,2b2,36/2b,3,37/1,2,kanathur Reddy Kupp",3,6912680,95790074179
151,4180,Casa Grande Homes Pvt. Ltd.,"M/s.s.prabhu Kumar,d-602,s.no.35/2a2,2b2,36/2b,3,37/1,2,kanathur Reddy Kupp",3,6914481,95790074180
152,4181,Casa Grande Homes Pvt. Ltd.,"M/s.s.prabhu Kumar,d-603,s.no.35/2a2,2b2,36/2b,3,37/1,2,kanathur Reddy Kupp",3,6914482,95790074181
153,4182,Casa Grande Homes Pvt. Ltd.,"M/s.s.prabhu Kumar,d-604,s.no.35/2a2,2b2,36/2b,3,37/1,2,kanathur Reddy Kupp",3,6914483,95790074182
154,4183,Casa Grande Homes Pvt. Ltd.,"M/s.s.prabhu Kumar,d-701,.no.35/2a2,2b2,36/2b,3,37/1,2,kanathur Reddy Kuppa",3,6914484,95790074183
155,4184,Casa Grande Homes Pvt. Ltd.,"M/s.s.prabhu Kumar,d-702,casa Grande Homes Pvt.ltd.,,kanathur Reddy Kuppam",3,6914485,95790074184
156,4185,Casa Grande Homes Pvt. Ltd.,"M/s.s.prabhu Kumar,d-703,s.no.35/2a2,2b2,36/2b,3,37/1,2,kanathur Reddy Kupp",3,6914486,95790074185
157,4186,Casa Grande Homes Pvt. Ltd.,"M/s.s.prabhu Kumar,d-704,s.no.35/2a2,2b2,36/2b,3,37/1,2,kanathur Reddy Kupp",3,6914487,95790074186
158,4187,Casa Grande Homes Pvt. Ltd.,"M/s.s.prabhu Kumar,d-801,.no.35/2a2,2b2,36/2b,3,37/1,2,kanathur Reddy Kuppa",3,6914488,95790074187
159,4188,Casa Grande Homes Pvt. Ltd.,"M/s.s.prabhu Kumar,d-802,s.no.35/2a2,2b2,36/2b,3,37/1,2,kanathur Reddy Kupp",3,6914489,95790074188
160,4189,Casa Grande Homes Pvt. Ltd.,"M/s.s.prabhu Kumar,d-803,s.no.35/2a2,2b2,36/2b,3,37/1,2,kanathur Reddy Kupp",3,6914490,95790074189
161,4190,Casa Grande Homes Pvt. Ltd.,"M/s.s.prabhu Kumar,d-804,s.no.35/2a2,2b2,36/2b,3,37/1,2,kanathur Reddy Kupp",3,6912371,95790074190
162,4191,Casa Grande Homes Pvt. Ltd.,"M/s.s.prabhu Kumar,d-901,s.no.35/2a2,2b2,36/2b,3,37/1,2,kanathur Reddy Kupp",3,6912372,95790074191
163,4192,Casa Grande Homes Pvt. Ltd.,"M/s.s.prabhu Kumar,d-902,s.no.35/2a2,2b2,36/2b,3,37/1,2,kanathur Reddy Kupp",3,6912373,95790074192
164,4193,Casa Grande Homes Pvt. Ltd.,"M/s.s.prabhu Kumar,d-903,s.no.35/2a2,2b2,36/2b,3,37/1,2,kanathur Reddy Kupp",3,6913274,95790074193
165,4194,Casa Grande Homes Pvt. Ltd.,"M/s.s.prabhu Kumar,d-904,s.no.35/2a2,2b2,36/2b,3,37/1,2,kanathur Reddy Kupp",3,6912375,95790074194
166,4195,Casa Grande Homes Pvt. Ltd.,"M/s.s.prabhu Kumar,d-1001,s.no.35/2a2,2b2,36/2b,3,37/1,2,kanathur Reddy Kup",3,6912376,95790074195
167,4196,Casa Grande Homes Pvt. Ltd.,"M/s.s.prabhu Kumar,d-1002,s.no.35/2a2,2b2,36/2b,3,37/1,2,kanathur Reddy Kup",3,6912377,95790074196
168,4197,Casa Grande Homes Pvt. Ltd.,"M/s.s.prabhu Kumar,d-1003,s.no.35/2a2,2b2,36/2b,3,37/1,2,kanathur Reddy Kup",3,6912378,95790074197
169,4198,Casa Grande Homes Pvt. Ltd.,"M/s.s.prabhu Kumar,d-1004,s.no.35/2a2,2b2,36/2b,3,37/1,2,kanathur Reddy Kup",3,6912379,95790074198
170,4199,Casa Grande Homes Pvt. Ltd.,"M/s.s.prabhu Kumar,d-1101,s.no.35/2a2,2b2,36/2b,3,37/1,2,kanathur Reddy Kup",3,6912380,95790074199
171,4200,Casa Grande Homes Pvt. Ltd.,"M/s.s.prabhu Kumar,d-1102,s.no.35/2a2,2b2,36/2b,3,37/1,2,kanathur Reddy Kup",3,6913271,95790074200
172,4201,Casa Grande Homes Pvt. Ltd.,"M/s.s.prabhu Kumar,d-1103,s.no.35/2a2,2b2,36/2b,3,37/1,2,kanathur Reddy Kup",3,6913272,95790074201
173,4202,Casa Grande Homes Pvt. Ltd.,"M/s.s.prabhu Kumar,d-1104,s.no.35/2a2,2b2,36/2b,3,37/1,2,kanathur Reddy Kup",3,6913273,95790074202
174,4203,Casa Grande Homes Pvt. Ltd.,"M/s.s.prabhu Kumar,d-1202,s.no.35/2a2,2b2,36/2b,3,37/1,2,kanathur Reddy Kup",3,6913274,95790074203
175,4204,Casa Grande Homes Pvt. Ltd.,"M/s.s.prabhu Kumar,d-1203,s.no.35/2a2,2b2,36/2b,3,37/1,2,kanathur Reddy Kup",3,6913275,95790074204
176,4205,Casa Grande Homes Pvt. Ltd.,"M/s.s.prabhu Kumar,d-1301,s.no.35/2a2,2b2,36/2b,3,37/1,2,kanathur Reddy Kup",3,6913276,95790074205
177,4206,Casa Grande Homes Pvt. Ltd.,"M/s.s.prabhu Kumar,d-1302,s.no.35/2a2,2b2,36/2b,3,37/1,2,kanathur Reddy Kup",3,6913277,95790074206
178,4207,Casa Grande Homes Pvt. Ltd.,"M/s.s.prabhu Kumar,d-1303,s.no.35/2a2,2b2,36/2b,3,37/1,2,kanathur Reddy Kup",3,6913278,95790074207
179,4208,Casa Grande Homes Pvt. Ltd.,"M/s.s.prabhu Kumar,d-1304,s.no.35/2a2,2b2,36/2b,3,37/1,2,kanathur Reddy Kup",3,6913279,95790074208
180,4209,Casa Grande Homes Pvt. Ltd.,"M/s.s.prabhu Kumar,d-1402,s.no.35/2a2,2b2,36/2b,3,37/1,2,kanathur Reddy Kup",3,6913280,95790074209
181,4210,Casa Grande Homes Pvt. Ltd.,"M/s.s.prabhu Kumar,d-1403,s.no.35/2a2,2b2,36/2b,3,37/1,2,kanathur Reddy Kup",3,6914041,95790074210
182,4211,Casa Grande Homes Pvt. Ltd.,"M/s.s.prabhu Kumar,e-102,s.no.35/2a2,2b2,36/2b,3,37/1,2,kanathur Reddy Kupp",3,6914042,95790074211
183,4212,Casa Grande Homes Pvt. Ltd.,"M/s.s.prabhu Kumar,e-103,s.no.35/2a2,2b2,36/2b,3,37/1,2,kanathur Reddy Kupp",3,6914043,95790074212
184,4213,Casa Grande Homes Pvt. Ltd.,"M/s.s.prabhu Kumar,e-201,s.no.35/2a2,2b2,36/2b,3,37/1,2,kanathur Reddy Kupp",3,6914044,95790074213
185,4214,Casa Grande Homes Pvt. Ltd.,"M/s.s.prabhu Kumar,e-202,s.no.35/2a2,2b2,36/2b,3,37/1,2,kanathur Reddy Kupp",3,6914045,95790074214
186,4215,Casa Grande Homes Pvt. Ltd.,"M/s.s.prabhu Kumar,e-203,casa Grande Homes Pvt.ltd.,,kanathur Reddy Kuppam",3,6914046,95790074215
187,4216,Casa Grande Homes Pvt. Ltd.,"M/s.s.prabhu Kumar,e-204,s.no.35/2a2,2b2,36/2b,3,37/1,2,kanathur Reddy Kupp",3,6914047,95790074216
188,4217,Casa Grande Homes Pvt. Ltd.,"M/s.s.prabhu Kumar,e-301,s.no.35/2a2,2b2,36/2b,3,37/1,2,kanathur Reddy Kupp",3,6914048,95790074217
189,4218,Casa Grande Homes Pvt. Ltd.,"M/s.s.prabhu Kumar,e-302,s.no.35/2a2,2b2,36/2b,3,37/1,2,kanathur Reddy Kupp",3,6914049,95790074218
190,4219,Casa Grande Homes Pvt. Ltd.,"M/s.s.prabhu Kumar,e-303,s.no.35/2a2,2b2,36/2b,3,37/1,2,kanathur Reddy Kupp",3,6914050,95790074219
191,4220,Casa Grande Homes Pvt. Ltd.,"S/o.m/s.s.prabhu Kumar,e-304,casa Grande Homes,kanathur Reddy Kuppam ,thiru",3,6913381,95790074220
192,4221,Casa Grande Homes Pvt. Ltd.,"M/s.s.prabhu Kumar,e-401,s.no.35/2a2,2b2,36/2b,3,37/1,2,kanathur Reddy Kupp",3,6913382,95790074221
193,4222,Casa Grande Homes Pvt. Ltd.,"M/s.s.prabhu Kumar,e-402,s.no.35/2a2,2b2,36/2b,3,37/1,2,kanathur Reddy Kupp",3,6913383,95790074222
194,4223,Casa Grande Homes Pvt. Ltd.,"M/s.s.prabhu Kumar,e-403,s.no.35/2a2,2b2,36/2b,3,37/1,2,kanathur Reddy Kupp",3,6913384,95790074223
195,4224,Casa Grande Homes Pvt. Ltd.,"M/s.s.prabhu Kumar,e-404,s.no.35/2a2,2b2,36/2b,3,37/1,2,kanathur Reddy Kupp",3,6913385,95790074224
196,4225,Casa Grande Homes Pvt. Ltd.,"M/s.s.prabhu Kumar,e-501,s.no.35/2a2,2b2,36/2b,3,37/1,2,kanathur Reddy Kupp",3,6913386,95790074225
197,4226,Casa Grande Homes Pvt. Ltd.,"E-502,casa Grande Homes Pvt.,kanathur",3,6913387,95790074226
198,4227,Casa Grande Homes Pvt. Ltd.,"S/o.s.prabhu Kumar,e-503,casa Grande Homes,kanathur Reddy Kuppam ,thiruporu",3,6913388,95790074227
199,4228,Casa Grande Homes Pvt. Ltd.,"M/s.s.prabhu Kumar,e-504,s.no.35/2a2,2b2,36/2b,3,37/1,2,kanathur Reddy Kupp",3,6913389,95790074228
200,4229,Casa Grande Homes Pvt. Ltd.,"M/s.s.prabhu Kumar,e-601,s.no.35/2a2,2b2,36/2b,3,37/1,2,kanathur Reddy Kupp",3,6913390,95790074229
201,4230,Casa Grande Homes Pvt. Ltd.,"M/s.s.prabhu Kumar,e-602,casa Grande Homes,kanathur Reddy Kuppam ,thiruporu",3,6913321,95790074230
202,4231,Casa Grande Homes Pvt. Ltd.,"M/s.s.prabhu Kumar,e-603,casa Grande Homes,kanathur Reddy Kuppam ,thiruporu",3,6913322,95790074231
203,4232,Casa Grande Homes Pvt. Ltd.,"M/s.s.prabhu Kumar,e-604,s.no.35/2a2,2b2,36/2b,3,37/1,2,kanathur Reddy Kupp",3,6913323,95790074232
204,4233,Casa Grande Homes Pvt. Ltd.,"M/s.s.prabhu Kumar,e-701,s.no.35/2a2,2b2,36/2b,3,37/1,2,kanathur Reddy Kupp",3,6913324,95790074233
205,4234,Casa Grande Homes Pvt. Ltd.,"M/s.s.prabhu Kumar,e-702,casa Grande Homes,kanathur Reddy Kuppam ,thiruporu",3,6913325,95790074234
206,4235,Casa Grande Homes Pvt. Ltd.,"M/s.s.prabhu Kumar,e-703,casa Grande Homes,kanathur Reddy Kuppam ,thiruporu",3,6913326,95790074235
207,4236,Casa Grande Homes Pvt. Ltd.,"M/s.s.prabhu Kumar,e-704,s.no.35/2a2,2b2,36/2b,3,37/1,2,kanathur Reddy Kupp",3,6913327,95790074236
208,4237,Casa Grande Homes Pvt. Ltd.,"M/s.s.prabhu Kumar,e-802,s.no.35/2a2,2b2,36/2b,3,37/1,2,kanathur Reddy Kupp",3,6913328,95790074237
209,4238,Casa Grande Homes Pvt. Ltd.,"M/s.s.prabhu Kumar,e-803,casa Grande Homes,kanathur Reddy Kuppam ,thiruporu",3,6913329,95790074238
210,4239,Casa Grande Homes Pvt. Ltd.,"M/s.s.prabhu Kumar,e-902,s.no.35/2a2,2b2,36/2b,3,37/1,2,kanathur Reddy Kupp",3,6913330,95790074239
211,4240,Casa Grande Homes Pvt. Ltd.,"M/s.s.prabhu Kumar,e-903,casa Grande Homes,kanathur Reddy Kuppam ,thiruporu",3,6911891,95790074240
212,4241,Casa Grande Homes Pvt. Ltd.,"M/s.s.prabhu Kumar,e-904,s.no.35/2a2,2b2,36/2b,3,37/1,2,kanathur Reddy Kupp",3,6911892,95790074241
213,4242,Casa Grande Homes Pvt. Ltd.,"M/s.s.prabhu Kumar,e-1001,s.no.35/2a2,2b2,36/2b,3,37/1,2,kanathur Reddy Kup",3,6911893,95790074242
214,4243,Casa Grande Homes Pvt. Ltd.,"M/s.s.prabhu Kumar,e-1002,casa Grande Homes,kanathur Reddy Kuppam ,thirupor",3,6911894,95790074243
215,4244,Casa Grande Homes Pvt. Ltd.,"M/s.s.prabhu Kumar,e-1003,casa Grande Homes,kanathur Reddy Kuppam ,thirupor",3,6911895,95790074244
216,4245,Casa Grande Homes Pvt. Ltd.,"M/s.s.prabhu Kumar,e-1101,s.no.35/2a2,2b2,36/2b,3,37/1,2,kanathur Reddy Kup",3,6911896,95790074245
217,4246,Casa Grande Homes Pvt. Ltd.,"M/s.s.prabhu Kumar,e-1102,casa Grande Homes,kanathur Reddy Kuppam ,thirupor",3,6911897,95790074246
218,4247,Casa Grande Homes Pvt. Ltd.,"M/s.s.prabhu Kumar,e-1103,casa Grande Homes,kanathur Reddy Kuppam ,thirupor",3,6911898,95790074247
219,4248,Casa Grande Homes Pvt. Ltd.,"M/s.s.prabhu Kumar,e-1104,s.no.35/2a2,2b2,36/2b,3,37/1,2,kanathur Reddy Kup",3,6911899,95790074248
220,4249,Casa Grande Homes Pvt. Ltd.,"M/s.s.prabhu Kumar,e-1202,casa Grande Homes,kanathur Reddy Kuppam ,thirupor",3,6911900,95790074249
221,4250,Casa Grande Homes Pvt. Ltd.,"M/s.s.prabhu Kumar,e-1203,casa Grande Homes,kanathur Reddy Kuppam ,thirupor",3,6913461,95790074250
222,4251,Casa Grande Homes Pvt. Ltd.,"M/s.s.prabhu Kumar,e-1301,s.no.35/2a2,2b2,36/2b,3,37/1,2,kanathur Reddy Kup",3,6913462,95790074251
223,4252,Casa Grande Homes Pvt. Ltd.,"M/s.s.prabhu Kumar,e-1302,casa Grande Homes,kanathur Reddy Kuppam ,thirupor",3,6913463,95790074252
224,4253,Casa Grande Homes Pvt. Ltd.,"M/s.s.prabhu Kumar,e-1303,s.no.35/2a2,2b2,36/2b,3,37/1,2,kanathur Reddy Kup",3,6913464,95790074253
225,4254,Casa Grande Homes Pvt. Ltd.,"M/s.s.prabhu Kumar,e-1304,s.no.35/2a2,2b2,36/2b,3,37/1,2,kanathur Reddy Kup",3,6913465,95790074254
226,4255,Casa Grande Homes Pvt. Ltd.,"M/s.s.prabhu Kumar,e-1402,casa Grande Homes,kanathur Reddy Kuppam ,thirupor",3,6913466,95790074255
227,4256,Casa Grande Homes Pvt. Ltd.,"E-1004,casa Grande,kanathur",3,6913467,95790074256
228,4257,Casa Grande Homes Pvt. Ltd.,"M/s.s.prabhu Kumar,f-102,casa Grande Homes,kanathur Reddy Kuppam ,thiruporu",3,6913468,95790074257
229,4258,Casa Grande Homes Pvt. Ltd.,"M/s.s.prabhu Kumar,f-103,casa Grande Homes,kanathur Reddy Kuppam ,thiruporu",3,6913469,95790074258
230,4259,Casa Grande Homes Pvt. Ltd.,"M/s.s.prabhu Kumar,f-201,casa Grande Homes,kanathur Reddy Kuppam ,thiruporu",3,6913470,95790074259
231,4260,Casa Grande Homes Pvt. Ltd.,"M/s.s.prabhu Kumar,f-202,casa Grande Homes,kanathur Reddy Kuppam ,thiruporu",3,6914331,95790074260
232,4261,Casa Grande Homes Pvt. Ltd.,"M/s.s.prabhu Kumar,f-203,casa Grande Homes,kanathur Reddy Kuppam ,thiruporu",3,6914332,95790074261
233,4262,Casa Grande Homes Pvt. Ltd.,"M/s.s.prabhu Kumar,f-204,s.no.35/2a2,2b2,36/2b,3,37/1,2,kanathur Reddy Kupp",3,6914333,95790074262
234,4263,Casa Grande Homes Pvt. Ltd.,"M/s.s.prabhu Kumar,f-301,casa Grande Homes,kanathur Reddy Kuppam ,thiruporu",3,6914334,95790074263
235,4264,Casa Grande Homes Pvt. Ltd.,"M/s.s.prabhu Kumar,f-302,casa Grande Homes,kanathur Reddy Kuppam ,thiruporu",3,6914335,95790074264
236,4265,Casa Grande Homes Pvt. Ltd.,"M/s.s.prabhu Kumar,f-303,casa Grande Homes,kanathur Reddy Kuppam ,thiruporu",3,6914336,95790074265
237,4266,Casa Grande Homes Pvt. Ltd.,"M/s.s.prabhu Kumar,f-304,s.no.35/2a2,2b2,36/2b,3,37/1,2,kanathur Reddy Kupp",3,6914337,95790074266
238,4267,Casa Grande Homes Pvt. Ltd.,"M/s.s.prabhu Kumar,f-401,casa Grande Homes,kanathur Reddy Kuppam ,thiruporu",3,6914338,95790074267
239,4268,Casa Grande Homes Pvt. Ltd.,"M/s.s.prabhu Kumar,f-402,casa Grande Homes,kanathur Reddy Kuppam ,thiruporu",3,6914339,95790074268
240,4269,Casa Grande Homes Pvt. Ltd.,"M/s.s.prabhu Kumar,f-403,casa Grande Homes,kanathur Reddy Kuppam ,thiruporu",3,6914340,95790074269
241,4270,Casa Grande Homes Pvt. Ltd.,"M/s.s.prabhu Kumar,f-404,s.no.35/2a2,2b2,36/2b,3,37/1,2,kanathur Reddy Kupp",3,6913361,95790074270
242,4271,Casa Grande Homes Pvt. Ltd.,"M/s.s.prabhu Kumar,f-501,casa Grande Homes,kanathur Reddy Kuppam ,thiruporu",3,6913362,95790074271
243,4272,Casa Grande Homes Pvt. Ltd.,"M/s.s.prabhu Kumar,f-502,casa Grande Homes,kanathur Reddy Kuppam ,thiruporu",3,6913363,95790074272
244,4273,Casa Grande Homes Pvt. Ltd.,"M/s.s.prabhu Kumar,f-503,casa Grande Homes,kanathur Reddy Kuppam ,thiruporu",3,6913364,95790074273
245,4274,Casa Grande Homes Pvt. Ltd.,"M/s.s.prabhu Kumar,f-504,s.no.35/2a2,2b2,36/2b,3,37/1,2,kanathur Reddy Kupp",3,6913365,95790074274
246,4275,Casa Grande Homes Pvt. Ltd.,"M/s.s.prabhu Kumar,f-601,casa Grande Homes,kanathur Reddy Kuppam ,thiruporu",3,6913366,95790074275
247,4276,Casa Grande Homes Pvt. Ltd.,"M/s.s.prabhu Kumar,f-602,casa Grande Homes,kanathur Reddy Kuppam ,thiruporu",3,6913367,95790074276
248,4277,Casa Grande Homes Pvt. Ltd.,"M/s.s.prabhu Kumar,f-603,casa Grande Homes,kanathur Reddy Kuppam ,thiruporu",3,6913368,95790074277
249,4278,Casa Grande Homes Pvt. Ltd.,"M/s.s.prabhu Kumar,f-604,s.no.35/2a2,2b2,36/2b,3,37/1,2,kanathur Reddy Kupp",3,6913369,95790074278
250,4279,Casa Grande Homes Pvt. Ltd.,"M/s.s.prabhu Kumar,f-701,casa Grande Homes,kanathur Reddy Kuppam ,thiruporu",3,6913370,95790074279
251,4280,Casa Grande Homes Pvt. Ltd.,"M/s.s.prabhu Kumar,f-702,casa Grande Homes,kanathur Reddy Kuppam ,thiruporu",3,6912571,95790074280
252,4281,Casa Grande Homes Pvt. Ltd.,"M/s.s.prabhu Kumar,f-703,casa Grande Homes,kanathur Reddy Kuppam ,thiruporu",3,6912572,95790074281
253,4282,Casa Grande Homes Pvt. Ltd.,"M/s.s.prabhu Kumar,f-704,s.no.35/2a2,2b2,36/2b,3,37/1,2,kanathur Reddy Kupp",3,6912573,95790074282
254,4283,Casa Grande Homes Pvt. Ltd.,"M/s.s.prabhu Kumar,f-802,casa Grande Homes,kanathur Reddy Kuppam ,thiruporu",3,6912574,95790074283
255,4284,Casa Grande Homes Pvt. Ltd.,"M/s.s.prabhu Kumar,f-803,s.no.35/2a2,2b2,36/2b,3,37/1,2,kanathur Reddy Kupp",3,6912575,95790074284
256,4285,Casa Grande Homes Pvt. Ltd.,"M/s.s.prabhu Kumar,f-901,casa Grande Homes,kanathur Reddy Kuppam ,thiruporu",3,6912576,95790074285
257,4286,Casa Grande Homes Pvt. Ltd.,"M/s.s.prabhu Kumar,f-902,casa Grande Homes,kanathur Reddy Kuppam ,thiruporu",3,6912577,95790074286
258,4287,Casa Grande Homes Pvt. Ltd.,"M/s.s.prabhu Kumar,f-903,s.no.35/2a2,2b2,36/2b,3,37/1,2,kanathur Reddy Kupp",3,6912578,95790074287
259,4288,Casa Grande Homes Pvt. Ltd.,"M/s.s.prabhu Kumar,f-1001,casa Grande Homes,kanathur Reddy Kuppam ,thirupor",3,6912579,95790074288
260,4289,Casa Grande Homes Pvt. Ltd.,"M/s.s.prabhu Kumar,f-1002,casa Grande Homes,kanathur Reddy Kuppam ,thirupor",3,6912580,95790074289
261,4290,Casa Grande Homes Pvt. Ltd.,"M/s.s.prabhu Kumar,f-1003,casa Grande Homes,kanathur Reddy Kuppam ,thirupor",3,6914461,95790074290
262,4291,Casa Grande Homes Pvt. Ltd.,"M/s.s.prabhu Kumar,f-1004,s.no.35/2a2,2b2,36/2b,3,37/1,2,kanathur Reddy Kup",3,6914462,95790074291
263,4292,Casa Grande Homes Pvt. Ltd.,"M/s.s.prabhu Kumar,f-1101,s.no.35/2a2,2b2,36/2b,3,37/1,2,kanathur Reddy Kup",3,6914463,95790074292
264,4293,Casa Grande Homes Pvt. Ltd.,"M/s.s.prabhu Kumar,f-1102,casa Grande Homes,kanathur Reddy Kuppam ,thirupor",3,6914464,95790074293
265,4294,Casa Grande Homes Pvt. Ltd.,"M/s.s.prabhu Kumar,f-1103,casa Grande Homes,kanathur Reddy Kuppam ,thirupor",3,6914465,95790074294
266,4295,Casa Grande Homes Pvt. Ltd.,"M/s.s.prabhu Kumar,f-1104,s.no.35/2a2,2b2,36/2b,3,37/1,2,kanathur Reddy Kup",3,6914466,95790074295
267,4296,Casa Grande Homes Pvt. Ltd.,"M/s.s.prabhu Kumar,f-1202,casa Grande Homes,kanathur Reddy Kuppam ,thirupor",3,6914467,95790074296
268,4297,Casa Grande Homes Pvt. Ltd.,"M/s.s.prabhu Kumar,f-1203,casa Grande Homes,kanathur Reddy Kuppam ,thirupor",3,6914468,95790074297
269,4298,Casa Grande Homes Pvt. Ltd.,"M/s.s.prabhu Kumar,f-1301,s.no.35/2a2,2b2,36/2b,3,37/1,2,kanathur Reddy Kup",3,6914469,95790074298
270,4299,Casa Grande Homes Pvt. Ltd.,"M/s.s.prabhu Kumar,f-1302,s.no.35/2a2,2b2,36/2b,3,37/1,2,kanathur Reddy Kup",3,6914470,95790074299
271,4300,Casa Grande Homes Pvt. Ltd.,"M/s.s.prabhu Kumar,f-1303,casa Grande Homes,kanathur Reddy Kuppam ,thirupor",3,6914561,95790074300
272,4301,Casa Grande Homes Pvt. Ltd.,"M/s.s.prabhu Kumar,f-1304,s.no.35/2a2,2b2,36/2b,3,37/1,2,kanathur Reddy Kup",3,6914562,95790074301
273,4302,Casa Grande Homes Pvt. Ltd.,"M/s.s.prabhu Kumar,f-1403,casa Grande Homes,kanathur Reddy Kuppam ,thirupor",3,6914563,95790074302
274,4303,Casa Grande Homes Pvt. Ltd.,"M/s.s.prabhu Kumar,g-102,casa Grande Homes,kanathur Reddy Kuppam ,thiruporu",3,6914564,95790074303
275,4304,Casa Grande Homes Pvt. Ltd.,"M/s.s.prabhu Kumar,g-103,casa Grande Homes,kanathur Reddy Kuppam ,thiruporu",3,6914565,95790074304
276,4305,Casa Grande Homes Pvt. Ltd.,"M/s.s.prabhu Kumar,g-201,s.no.35/2a2,2b2,36/2b,3,37/1,2,kanathur Reddy Kupp",3,6914566,95790074305
277,4306,Casa Grande Homes Pvt. Ltd.,"M/s.s.prabhu Kumar,g-202,casa Grande Homes,kanathur Reddy Kuppam ,thiruporu",3,6914567,95790074306
278,4307,Casa Grande Homes Pvt. Ltd.,"M/s.s.prabhu Kumar,g-203,casa Grande Homes,kanathur Reddy Kuppam ,thiruporu",3,6914568,95790074307
279,4308,Casa Grande Homes Pvt. Ltd.,"M/s.s.prabhu Kumar,g-204,s.no.35/2a2,2b2,36/2b,3,37/1,2,kanathur Reddy Kupp",3,6914569,95790074308
280,4309,Casa Grande Homes Pvt. Ltd.,"M/s.s.prabhu Kumar,g-301,s.no.35/2a2,2b2,36/2b,3,37/1,2,kanathur Reddy Kupp",3,6914570,95790074309
281,4310,Casa Grande Homes Pvt. Ltd.,"M/s.s.prabhu Kumar,g-302,casa Grande Homes,kanathur Reddy Kuppam ,thiruporu",3,6912781,95790074310
282,4311,Casa Grande Homes Pvt. Ltd.,"M/s.s.prabhu Kumar,g-303,casa Grande Homes,kanathur Reddy Kuppam ,thiruporu",3,6912782,95790074311
283,4312,Casa Grande Homes Pvt. Ltd.,"M/s.s.prabhu Kumar,g-304,s.no.35/2a2,2b2,36/2b,3,37/1,2,kanathur Reddy Kupp",3,6912783,95790074312
284,4313,Casa Grande Homes Pvt. Ltd.,"M/s.s.prabhu Kumar,g-401,s.no.35/2a2,2b2,36/2b,3,37/1,2,kanathur Reddy Kupp",3,6912784,95790074313
285,4314,Casa Grande Homes Pvt. Ltd.,"M/s.s.prabhu Kumar,g-402,casa Grande Homes,kanathur Reddy Kuppam ,thiruporu",3,6912785,95790074314
286,4315,Casa Grande Homes Pvt. Ltd.,"M/s.s.prabhu Kumar,g-403,casa Grande Homes,kanathur Reddy Kuppam ,thiruporu",3,6912786,95790074315
287,4316,Casa Grande Homes Pvt. Ltd.,"M/s.s.prabhu Kumar,g-404,s.no.35/2a2,2b2,36/2b,3,37/1,2,kanathur Reddy Kupp",3,6912787,95790074316
288,4317,Casa Grande Homes Pvt. Ltd.,"M/s.s.prabhu Kumar,g-501,s.no.35/2a2,2b2,36/2b,3,37/1,2,kanathur Reddy Kupp",3,6912788,95790074317
289,4318,Casa Grande Homes Pvt. Ltd.,"M/s.s.prabhu Kumar,g-502,casa Grande Homes,kanathur Reddy Kuppam ,thiruporu",3,6912789,95790074318
290,4319,Casa Grande Homes Pvt. Ltd.,"M/s.s.prabhu Kumar,g-503,casa Grande Homes,kanathur Reddy Kuppam ,thiruporu",3,6912790,95790074319
291,4320,Casa Grande Homes Pvt. Ltd.,"M/s.s.prabhu Kumar,g-504,s.no.35/2a2,2b2,36/2b,3,37/1,2,kanathur Reddy Kupp",3,6914421,95790074320
292,4321,Casa Grande Homes Pvt. Ltd.,"M/s.s.prabhu Kumar,g-601,s.no.35/2a2,2b2,36/2b,3,37/1,2,kanathur Reddy Kupp",3,6914422,95790074321
293,4322,Casa Grande Homes Pvt. Ltd.,"M/s.s.prabhu Kumar,g-602,casa Grande Homes,kanathur Reddy Kuppam ,thiruporu",3,6914423,95790074322
294,4323,Casa Grande Homes Pvt. Ltd.,"M/s.s.prabhu Kumar,g-603,casa Grande Homes,kanathur Reddy Kuppam ,thiruporu",3,6914424,95790074323
295,4324,Casa Grande Homes Pvt. Ltd.,"M/s.s.prabhu Kumar,g-604,s.no.35/2a2,2b2,36/2b,3,37/1,2,kanathur Reddy Kupp",3,6914425,95790074324
296,4325,Casa Grande Homes Pvt. Ltd.,"M/s.s.prabhu Kumar,g-701,s.no.35/2a2,2b2,36/2b,3,37/1,2,kanathur Reddy Kupp",3,6914426,95790074325
297,4326,Casa Grande Homes Pvt. Ltd.,"M/s.s.prabhu Kumar,g-702,casa Grande Homes,kanathur Reddy Kuppam ,thiruporu",3,6914427,95790074326
298,4327,Casa Grande Homes Pvt. Ltd.,"M/s.s.prabhu Kumar,g-703,casa Grande Homes,kanathur Reddy Kuppam ,thiruporu",3,6914428,95790074327
299,4328,Casa Grande Homes Pvt. Ltd.,"M/s.s.prabhu Kumar,g-704,sno.35/2a2,2b2,36/2b,3,37/1,2,kanathur Reddy Kuppa",3,6914429,95790074328
300,4329,Casa Grande Homes Pvt. Ltd.,"M/s.s.prabhu Kumar,g-801,s.no.35/2a2,2b2,36/2b,3,37/1,2,kanathur Reddy Kupp",3,6914430,95790074329
301,4330,Casa Grande Homes Pvt. Ltd.,"M/s.s.prabhu Kumar,g-802,casa Grande Homes,kanathur Reddy Kuppam ,thiruporu",3,6914161,95790074330
302,4331,Casa Grande Homes Pvt. Ltd.,"M/s.s.prabhu Kumar,g-803,casa Grande Homes,kanathur Reddy Kuppam ,thiruporu",3,6914162,95790074331
303,4332,Casa Grande Homes Pvt. Ltd.,"M/s.s.prabhu Kumar,g-804,s.no.35/2a2,2b2,36/2b,3,37/1,2,kanathur Reddy Kupp",3,6914163,95790074332
304,4333,Casa Grande Homes Pvt. Ltd.,"M/s.s.prabhu Kumar,g-901,s.no.35/2a2,2b2,36/2b,3,37/1,2,kanathur Reddy Kupp",3,6914164,95790074333
305,4334,Casa Grande Homes Pvt. Ltd.,"M/s.s.prabhu Kumar,g-902,casa Grande Homes,kanathur Reddy Kuppam ,thiruporu",3,6914165,95790074334
306,4335,Casa Grande Homes Pvt. Ltd.,"M/s.s.prabhu Kumar,g-903,casa Grande Homes,kanathur Reddy Kuppam ,thiruporu",3,6914166,95790074335
307,4336,Casa Grande Homes Pvt. Ltd.,"M/s.s.prabhu Kumar,g-904,s.no.35/2a2,2b2,36/2b,3,37/1,2,kanathur Reddy Kupp",3,6914167,95790074336
308,4337,Casa Grande Homes Pvt. Ltd.,"G-1001,casa Grande Homes,kanathur",3,6914168,95790074337
309,4338,Casa Grande Homes Pvt. Ltd.,"M/s.s.prabhu Kumar,g-1002,casa Grande Homes,kanathur Reddy Kuppam ,thirupor",3,6914169,95790074338
310,4339,Casa Grande Homes Pvt. Ltd.,"M/s.s.prabhu Kumar,g-1003,casa Grande Homes,kanathur Reddy Kuppam ,thirupor",3,6914170,95790074339
311,4340,Casa Grande Homes Pvt. Ltd.,"G-1004,casa Grande Homes,kanathur",3,6914761,95790074340
312,4341,Casa Grande Homes Pvt. Ltd.,"M/s.s.prabhu Kumar,g-1101,s.no.35/2a2,2b2,36/2b,3,37/1,2,kanathur Reddy Kup",3,6914762,95790074341
313,4342,Casa Grande Homes Pvt. Ltd.,"M/s.s.prabhu Kumar,g-1102,casa Grande Homes,kanathur Reddy Kuppam ,thirupor",3,6914763,95790074342
314,4343,Casa Grande Homes Pvt. Ltd.,"M/s.s.prabhu Kumar,g-1103,casa Grande Homes,kanathur Reddy Kuppam ,thirupor",3,6914764,95790074343
315,4344,Casa Grande Homes Pvt. Ltd.,"M/s.s.prabhu Kumar,g-1104,s.no.35/2a2,2b2,36/2b,3,37/1,2,kanathur Reddy Kup",3,6914765,95790074344
316,4345,Casa Grande Homes Pvt. Ltd.,"M/s.s.prabhu Kumar,g-1202,casa Grande Homes,kanathur Reddy Kuppam ,thirupor",3,6914766,95790074345
317,4346,Casa Grande Homes Pvt. Ltd.,"M/s.s.prabhu Kumar,g-1203,casa Grande Homes,kanathur Reddy Kuppam ,thirupor",3,6914767,95790074346
318,4347,Casa Grande Homes Pvt. Ltd.,"M/s.s.prabhu Kumar,g-1301,s.no.35/2a2,2b2,36/2b,3,37/1,2,kanathur Reddy Kup",3,6914768,95790074347
319,4348,Casa Grande Homes Pvt. Ltd.,"M/s.s.prabhu Kumar,g-1302,s.no.35/2a2,2b2,36/2b,3,37/1,2,kanathur Reddy Kup",3,6914769,95790074348
320,4349,Casa Grande Homes Pvt. Ltd.,"M/s.s.prabhu Kumar,g-1303,casa Grande Homes,kanathur Reddy Kuppam ,thirupor",3,6914770,95790074349
321,4350,Casa Grande Homes Pvt. Ltd.,"M/s.s.prabhu Kumar,g-1304,s.no.35/2a2,2b2,36/2b,3,37/1,2,kanathur Reddy Kup",3,6912431,95790074350
322,4351,Casa Grande Homes Pvt. Ltd.,"M/s.s.prabhu Kumar,g-1403,casa Grande Homes,kanathur Reddy Kuppam ,thirupor",3,6912432,95790074351
323,4352,Casa Grande Homes Pvt. Ltd.,"M/s.s.prabhu Kumar,h-101,casa Grande Homes,kanathur Reddy Kuppam ,thiruporu",3,6912433,95790074352
324,4353,Casa Grande Homes Pvt. Ltd.,"M/s.s.prabhu Kumar,h-102,casa Grande Homes,kanathur Reddy Kuppam ,thiruporu",3,6912434,95790074353
325,4354,Casa Grande Homes Pvt. Ltd.,"M/s.s.prabhu Kumar,h-201,casa Grande Homes,kanathur Reddy Kuppam ,thiruporu",3,6912435,95790074354
326,4355,Casa Grande Homes Pvt. Ltd.,"M/s.s.prabhu Kumar,h-202,casa Grande Homes,kanathur Reddy Kuppam ,thiruporu",3,6912436,95790074355
327,4356,Casa Grande Homes Pvt. Ltd.,"M/s.s.prabhu Kumar,h-203,casa Grande Homes,kanathur Reddy Kuppam ,thiruporu",3,6912437,95790074356
328,4357,Casa Grande Homes Pvt. Ltd.,"M/s.s.prabhu Kumar,h-204,s.no.35/2a2,2b2,36/2b,3,37/1,2,kanathur Reddy Kupp",3,6912438,95790074357
329,4358,Casa Grande Homes Pvt. Ltd.,"M/s.s.prabhu Kumar,h-301,casa Grande Homes,kanathur Reddy Kuppam ,thiruporu",3,6912439,95790074358
330,4359,Casa Grande Homes Pvt. Ltd.,"M/s.s.prabhu Kumar,h-302,casa Grande Homes,kanathur Reddy Kuppam ,thiruporu",3,6912440,95790074359
331,4360,Casa Grande Homes Pvt. Ltd.,"M/s.s.prabhu Kumar,h-303,casa Grande Homes,kanathur Reddy Kuppam ,thiruporu",3,6912631,95790074360
332,4361,Casa Grande Homes Pvt. Ltd.,"M/s.s.prabhu Kumar,h-304,s.no.35/2a2,2b2,36/2b,3,37/1,2,kanathur Reddy Kupp",3,6912632,95790074361
333,4362,Casa Grande Homes Pvt. Ltd.,"M/s.s.prabhu Kumar,h-401,s.no.35/2a2,2b2,36/2b,3,37/1,2,kanathur Reddy Kupp",3,6912633,95790074362
334,4363,Casa Grande Homes Pvt. Ltd.,"M/s.s.prabhu Kumar,h-402,casa Grande Homes,kanathur Reddy Kuppam ,thiruporu",3,6912634,95790074363
335,4364,Casa Grande Homes Pvt. Ltd.,"M/s.s.prabhu Kumar,h-403,casa Grande Homes,kanathur Reddy Kuppam ,thiruporu",3,6912635,95790074364
336,4365,Casa Grande Homes Pvt. Ltd.,"M/s.s.prabhu Kumar,h-404,s.no.35/2a2,2b2,36/2b,3,37/1,2,kanathur Reddy Kupp",3,6912636,95790074365
337,4366,Casa Grande Homes Pvt. Ltd.,"M/s.s.prabhu Kumar,h-501,s.no.35/2a2,2b2,36/2b,3,37/1,2,kanathur Reddy Kupp",3,6912637,95790074366
338,4367,Casa Grande Homes Pvt. Ltd.,"M/s.s.prabhu Kumar,h-502,casa Grande Homes,kanathur Reddy Kuppam ,thiruporu",3,6912638,95790074367
339,4368,Casa Grande Homes Pvt. Ltd.,"M/s.s.prabhu Kumar,h-503,s.no.35/2a2,2b2,36/2b,3,37/1,2,kanathur Reddy Kupp",3,6912639,95790074368
340,4369,Casa Grande Homes Pvt. Ltd.,"M/s.s.prabhu Kumar,h-504,s.no.35/2a2,2b2,36/2b,3,37/1,2,kanathur Reddy Kupp",3,6912640,95790074369
341,4370,Casa Grande Homes Pvt. Ltd.,"M/s.s.prabhu Kumar,h-601,casa Grande Homes,kanathur Reddy Kuppam ,thiruporu",3,6916271,95790074370
342,4371,Casa Grande Homes Pvt. Ltd.,"M/s.s.prabhu Kumar,h-602,casa Grande Homes,kanathur Reddy Kuppam ,thiruporu",3,6916272,95790074371
343,4372,Casa Grande Homes Pvt. Ltd.,"M/s.s.prabhu Kumar,h-603,casa Grande Homes,kanathur Reddy Kuppam ,thiruporu",3,6916273,95790074372
344,4373,Casa Grande Homes Pvt. Ltd.,"M/s.s.prabhu Kumar,h-604,s.no.35/2a2,2b2,36/2b,3,37/1,2,kanathur Reddy Kupp",3,6916274,95790074373
345,4374,Casa Grande Homes Pvt. Ltd.,"M/s.s.prabhu Kumar,h-701,casa Grande Homes,kanathur Reddy Kuppam ,thiruporu",3,6916275,95790074374
346,4375,Casa Grande Homes Pvt. Ltd.,"M/s.s.prabhu Kumar,h-702,casa Grande Homes,kanathur Reddy Kuppam ,thiruporu",3,6916276,95790074375
347,4376,Casa Grande Homes Pvt. Ltd.,"M/s.s.prabhu Kumar,h-703,casa Grande Homes,kanathur Reddy Kuppam ,thiruporu",3,6916277,95790074376
348,4377,Casa Grande Homes Pvt. Ltd.,"M/s.s.prabhu Kumar,h-704,s.no.35/2a2,2b2,36/2b,3,37/1,2,kanathur Reddy Kupp",3,6916278,95790074377
349,4378,Casa Grande Homes Pvt. Ltd.,"M/s.s.prabhu Kumar,h-801,casa Grande Homes,kanathur Reddy Kuppam ,thiruporu",3,6916279,95790074378
350,4379,Casa Grande Homes Pvt. Ltd.,"M/s.s.prabhu Kumar,h-802,casa Grande Homes,kanathur Reddy Kuppam ,thiruporu",3,6916280,95790074379
351,4380,Casa Grande Homes Pvt. Ltd.,"M/s.s.prabhu Kumar,h-803,casa Grande Homes,kanathur Reddy Kuppam ,thiruporu",3,6912261,95790074380
352,4381,Casa Grande Homes Pvt. Ltd.,"M/s.s.prabhu Kumar,h-804,s.no.35/2a2,2b2,36/2b,3,37/1,2,kanathur Reddy Kupp",3,6912262,95790074381
353,4382,Casa Grande Homes Pvt. Ltd.,"M/s.s.prabhu Kumar,h-901,s.no.35/2a2,2b2,36/2b,3,37/1,2,kanathur Reddy Kupp",3,6912263,95790074382
354,4383,Casa Grande Homes Pvt. Ltd.,"M/s.s.prabhu Kumar,h-902,casa Grande Homes,kanathur Reddy Kuppam ,thiruporu",3,6912264,95790074383
355,4384,Casa Grande Homes Pvt. Ltd.,"M/s.s.prabhu Kumar,h-903,casa Grande Homes,kanathur Reddy Kuppam ,thiruporu",3,6912265,95790074384
356,4385,Casa Grande Homes Pvt. Ltd.,"M/s.s.prabhu Kumar,h-904,s.no.35/2a2,2b2,36/2b,3,37/1,2,kanathur Reddy Kupp",3,6912266,95790074385
357,4386,Casa Grande Homes Pvt. Ltd.,"M/s.s.prabhu Kumar,h-1001,s.no.35/2a2,2b2,36/2b,3,37/1,2,kanathur Reddy Kup",3,6912267,95790074386
358,4387,Casa Grande Homes Pvt. Ltd.,"M/s.s.prabhu Kumar,h-1002,casa Grande Homes,kanathur Reddy Kuppam ,thirupor",3,6912268,95790074387
359,4388,Casa Grande Homes Pvt. Ltd.,"M/s.s.prabhu Kumar,h-1003,casa Grande Homes,kanathur Reddy Kuppam ,thirupor",3,6912269,95790074388
360,4389,Casa Grande Homes Pvt. Ltd.,"H-1004,casa Grande Homes,kanathur",3,6912270,95790074389
361,4390,Casa Grande Homes Pvt. Ltd.,"M/s.s.prabhu Kumar,h-1101,s.no.35/2a2,2b2,36/2b,3,37/1,2,kanathur Reddy Kup",3,6913751,95790074390
362,4391,Casa Grande Homes Pvt. Ltd.,"M/s.s.prabhu Kumar,h-1102,casa Grande Homes,kanathur Reddy Kuppam ,thirupor",3,6913752,95790074391
363,4392,Casa Grande Homes Pvt. Ltd.,"M/s.s.prabhu Kumar,h-1103,casa Grande Homes,kanathur Reddy Kuppam ,thirupor",3,6913753,95790074392
364,4393,Casa Grande Homes Pvt. Ltd.,"M/s.s.prabhu Kumar,h-1104,s.no.35/2a2,2b2,36/2b,3,37/1,2,kanathur Reddy Kup",3,6913754,95790074393
365,4394,Casa Grande Homes Pvt. Ltd.,"M/s.s.prabhu Kumar,h-1202,casa Grande Homes,kanathur Reddy Kuppam ,thirupor",3,6913755,95790074394
366,4395,Casa Grande Homes Pvt. Ltd.,"M/s.s.prabhu Kumar,h-1203,casa Grande Homes,kanathur Reddy Kuppam ,thirupor",3,6913756,95790074395
367,4396,Casa Grande Homes Pvt. Ltd.,"M/s.s.prabhu Kumar,h-1301,s.no.35/2a2,2b2,36/2b,3,37/1,2,kanathur Reddy Kup",3,6913757,95790074396
368,4397,Casa Grande Homes Pvt. Ltd.,"M/s.s.prabhu Kumar,h-1302,s.no.35/2a2,2b2,36/2b,3,37/1,2,kanathur Reddy Kup",3,6913758,95790074397
369,4398,Casa Grande Homes Pvt. Ltd.,"M/s.s.prabhu Kumar,h-1303,casa Grande Homes,kanathur Reddy Kuppam ,thirupor",3,6913759,95790074398
370,4399,Casa Grande Homes Pvt. Ltd.,"M/s.s.prabhu Kumar,h-1304,s.no.35/2a2,2b2,36/2b,3,37/1,2,kanathur Reddy Kup",3,6913760,95790074399
371,4400,Casa Grande Homes Pvt. Ltd.,"M/s.s.prabhu Kumar,h-1403,casa Grande Homes,kanathur Reddy Kuppam ,thirupor",3,6916395,95790074400
372,4401,Casa Grande Homes Pvt. Ltd.,"Common,a Block,casa Grande Homes,kanathur",3,6911931,95790074401
373,4402,Casa Grande Homes Pvt. Ltd.,"Common,b, Block,casa Grande Homes,kanathur",3,6911932,95790074402
374,4403,Casa Grande Homes Pvt. Ltd.,"Common,c, Block,casa Grande Homes,kanathur",3,6911933,95790074403
375,4404,Casa Grande Homes Pvt. Ltd.,"Common,d, Block,casa Grande Homes,kanathur",3,6911934,95790074404
376,4405,Casa Grande Homes Pvt. Ltd.,"Common,e, Block,casa Grande Homes,kanathur",3,6911935,95790074405
377,4406,Casa Grande Homes Pvt. Ltd.,"Common,f, Block,casa Grande Homes,kanathur",3,6911936,95790074406
378,4407,Casa Grande Homes Pvt. Ltd.,"Common,g, Block,casa Grande Homes,kanathur",3,6911937,95790074407
379,4408,Casa Grande Homes Pvt. Ltd.,"Common,h, Block,casa Grande Homes,kanathur",3,6911938,95790074408
380,4409,Casa Grande Homes Pvt. Ltd.,"Common,j, Block,casa Grande Homes,kanathur",3,6911939,95790074409
381,4410,Casa Grande Homes Pvt. Ltd.,"Common,k, Block,casa Grande Homes,kanathur",3,6911940,95790074410
382,4411,Casa Grande Homes Pvt. Ltd.,"M/s.s.prabhu Kumar,k-101,casa Grande Homes,kanathur Reddy Kuppam ,thiruporu",3,6912291,95790074411
383,4412,Casa Grande Homes Pvt. Ltd.,"M/s.s.prabhu Kumar,k-102,s.no.35/2a2,2b2,36/2b,3,37/1,2,kanathur Reddy Kupp",3,6912292,95790074412
384,4413,Casa Grande Homes Pvt. Ltd.,"M/s.s.prabhu Kumar,k-103,s.no.35/2a2,2b2,36/2b,3,37/1,2,kanathur Reddy Kupp",3,6912293,95790074413
385,4414,Casa Grande Homes Pvt. Ltd.,"M/s.s.prabhu Kumar,k-104,s.no.35/2a2,2b2,36/2b,3,37/1,2,kanathur Reddy Kupp",3,6912294,95790074414
386,4415,Casa Grande Homes Pvt. Ltd.,"M/s.s.prabhu Kumar,k-201,s.no.35/2a2,2b2,36/2b,3,37/1,2,kanathur Reddy Kupp",3,6912295,95790074415
387,4416,Casa Grande Homes Pvt. Ltd.,"M/s.s.prabhu Kumar,k-202,s.no.35/2a2,2b2,36/2b,3,37/1,2,kanathur Reddy Kupp",3,6912296,95790074416
388,4417,Casa Grande Homes Pvt. Ltd.,"M/s.s.prabhu Kumar,k-203,s.no.35/2a2,2b2,36/2b,3,37/1,2,kanathur Reddy Kupp",3,6912297,95790074417
389,4418,Casa Grande Homes Pvt. Ltd.,"M/s.s.prabhu Kumar,k-204,s.no.35/2a2,2b2,36/2b,3,37/1,2,kanathur Reddy Kupp",3,6912298,95790074418
390,4419,Casa Grande Homes Pvt. Ltd.,"M/s.s.prabhu Kumar,k-301,s.no.35/2a2,2b2,36/2b,3,37/1,2,kanathur Reddy Kupp",3,6912299,95790074419
391,4420,Casa Grande Homes Pvt. Ltd.,"M/s.s.prabhu Kumar,k-302,s.no.35/2a2,2b2,36/2b,3,37/1,2,kanathur Reddy Kupp",3,6912300,95790074420
392,4421,Casa Grande Homes Pvt. Ltd.,"M/s.s.prabhu Kumar,k-303,s.no.35/2a2,2b2,36/2b,3,37/1,2,kanathur Reddy Kupp",3,6911971,95790074421
393,4422,Casa Grande Homes Pvt. Ltd.,"M/s.s.prabhu Kumar,k-304,s.no.35/2a2,2b2,36/2b,3,37/1,2,kanathur Reddy Kupp",3,6911972,95790074422
394,4423,Casa Grande Homes Pvt. Ltd.,"M/s.s.prabhu Kumar,k-401,s.no.35/2a2,2b2,36/2b,3,37/1,2,kanathur Reddy Kupp",3,6911973,95790074423
395,4424,Casa Grande Homes Pvt. Ltd.,"M/s.s.prabhu Kumar,k-402,s.no.35/2a2,2b2,36/2b,3,37/1,2,kanathur Reddy Kupp",3,6911974,95790074424
396,4425,Casa Grande Homes Pvt. Ltd.,"M/s.s.prabhu Kumar,k-403,s.no.35/2a2,2b2,36/2b,3,37/1,2,kanathur Reddy Kupp",3,6911975,95790074425
397,4426,Casa Grande Homes Pvt. Ltd.,"M/s.s.prabhu Kumar,k-404,s.no.35/2a2,2b2,36/2b,3,37/1,2,kanathur Reddy Kupp",3,6911976,95790074426
398,4427,Casa Grande Homes Pvt. Ltd.,"M/s.s.prabhu Kumar,k-501,s.no.35/2a2,2b2,36/2b,3,37/1,2,kanathur Reddy Kupp",3,6911977,95790074427
399,4428,Casa Grande Homes Pvt. Ltd.,"M/s.s.prabhu Kumar,k-502,s.no.35/2a2,2b2,36/2b,3,37/1,2,kanathur Reddy Kupp",3,6911978,95790074428
400,4429,Casa Grande Homes Pvt. Ltd.,"M/s.s.prabhu Kumar,k-503,s.no.35/2a2,2b2,36/2b,3,37/1,2,kanathur Reddy Kupp",3,6911979,95790074429
401,4430,Casa Grande Homes Pvt. Ltd.,"M/s.s.prabhu Kumar,k-504,s.no.35/2a2,2b2,36/2b,3,37/1,2,kanathur Reddy Kupp",3,6911980,95790074430
402,4431,Casa Grande Homes Pvt. Ltd.,"M/s.s.prabhu Kumar,k-601,s.no.35/2a2,2b2,36/2b,3,37/1,2,kanathur Reddy Kupp",3,6911941,95790074431
403,4432,Casa Grande Homes Pvt. Ltd.,"M/s.s.prabhu Kumar,k-602,s.no.35/2a2,2b2,36/2b,3,37/1,2,kanathur Reddy Kupp",3,6911942,95790074432
404,4433,Casa Grande Homes Pvt. Ltd.,"M/s.s.prabhu Kumar,k-603,s.no.35/2a2,2b2,36/2b,3,37/1,2,kanathur Reddy Kupp",3,6911943,95790074433
405,4434,Casa Grande Homes Pvt. Ltd.,"M/s.s.prabhu Kumar,k-604,s.no.35/2a2,2b2,36/2b,3,37/1,2,kanathur Reddy Kupp",3,6911944,95790074434
406,4435,Casa Grande Homes Pvt. Ltd.,"M/s.s.prabhu Kumar,k-701,s.no.35/2a2,2b2,36/2b,3,37/1,2,kanathur Reddy Kupp",3,6911945,95790074435
407,4436,Casa Grande Homes Pvt. Ltd.,"M/s.s.prabhu Kumar,k-702,s.no.35/2a2,2b2,36/2b,3,37/1,2,kanathur Reddy Kupp",3,6911946,95790074436
408,4437,Casa Grande Homes Pvt. Ltd.,"M/s.s.prabhu Kumar,k-703,s.no.35/2a2,2b2,36/2b,3,37/1,2,kanathur Reddy Kupp",3,6911947,95790074437
409,4438,Casa Grande Homes Pvt. Ltd.,"M/s.s.prabhu Kumar,k-704,s.no.35/2a2,2b2,36/2b,3,37/1,2,kanathur Reddy Kupp",3,6911948,95790074438
410,4439,Casa Grande Homes Pvt. Ltd.,"M/s.s.prabhu Kumar,k-801,s.no.35/2a2,2b2,36/2b,3,37/1,2,kanathur Reddy Kupp",3,6911949,95790074439
411,4440,Casa Grande Homes Pvt. Ltd.,"M/s.s.prabhu Kumar,k-804,s.no.35/2a2,2b2,36/2b,3,37/1,2,kanathur Reddy Kupp",3,6911950,95790074440
412,4441,Casa Grande Homes Pvt. Ltd.,"M/s.s.prabhu Kumar,k-901,s.no.35/2a2,2b2,36/2b,3,37/1,2,kanathur Reddy Kupp",3,6913611,95790074441
413,4442,Casa Grande Homes Pvt. Ltd.,"M/s.s.prabhu Kumar,k-902,s.no.35/2a2,2b2,36/2b,3,37/1,2,kanathur Reddy Kupp",3,6913612,95790074442
414,4443,Casa Grande Homes Pvt. Ltd.,"M/s.s.prabhu Kumar,k-903,s.no.35/2a2,2b2,36/2b,3,37/1,2,kanathur Reddy Kupp",3,6913613,95790074443
415,4444,Casa Grande Homes Pvt. Ltd.,"M/s.s.prabhu Kumar,k-904,s.no.35/2a2,2b2,36/2b,3,37/1,2,kanathur Reddy Kupp",3,6913614,95790074444
416,4445,Casa Grande Homes Pvt. Ltd.,"M/s.s.prabhu Kumar,k-1001,s.no.35/2a2,2b2,36/2b,3,37/1,2,kanathur Reddy Kup",3,6913615,95790074445
417,4446,Casa Grande Homes Pvt. Ltd.,"M/s.s.prabhu Kumar,k-1002,s..35/2a2,2b2,36/2b,3,37/1,2,kanathur Reddy Kuppa",3,6913616,95790074446
418,4447,Casa Grande Homes Pvt. Ltd.,"M/s.s.prabhu Kumar,k-1003,s.no.35/2a2,2b2,36/2b,3,37/1,2,kanathur Reddy Kup",3,6913617,95790074447
419,4448,Casa Grande Homes Pvt. Ltd.,"M/s.s.prabhu Kumar,k-1004,s.no.35/2a2,2b2,36/2b,3,37/1,2,kanathur Reddy Kup",3,6913618,95790074448
420,4449,Casa Grande Homes Pvt. Ltd.,"M/s.s.prabhu Kumar,k-1101,s.no.35/2a2,2b2,36/2b,3,37/1,2,kanathur Reddy Kup",3,6913619,95790074449
421,4450,Casa Grande Homes Pvt. Ltd.,"M/s.s.prabhu Kumar,k-1102,s.no.35/2a2,2b2,36/2b,3,37/1,2,kanathur Reddy Kup",3,6913620,95790074450
422,4451,Casa Grande Homes Pvt. Ltd.,"M/s.s.prabhu Kumar,k-1103,casa S.no.35/2a2,2b2,36/2b,3,37/1,2,kanathur Redd",3,6915291,95790074451
423,4452,Casa Grande Homes Pvt. Ltd.,"M/s.s.prabhu Kumar,k-1104,s.no.35/2a2,2b2,36/2b,3,37/1,2,kanathur Reddy Kup",3,6915292,95790074452
424,4453,Casa Grande Homes Pvt. Ltd.,"M/s.s.prabhu Kumar,k-1201,s.no.35/2a2,2b2,36/2b,3,37/1,2,kanathur Reddy Kup",3,6915293,95790074453
425,4454,Casa Grande Homes Pvt. Ltd.,"M/s.s.prabhu Kumar,k-1202,s.no.35/2a2,2b2,36/2b,3,37/1,2,kanathur Reddy Kup",3,6915294,95790074454
426,4455,Casa Grande Homes Pvt. Ltd.,"M/s.s.prabhu Kumar,k-1203,s.no.35/2a2,2b2,36/2b,3,37/1,2,kanathur Reddy Kup",3,6915295,95790074455
427,4456,Casa Grande Homes Pvt. Ltd.,"M/s.s.prabhu Kumar,k-1204,s.no.35/2a2,2b2,36/2b,3,37/1,2,kanathur Reddy Kup",3,6915296,95790074456
428,4457,Casa Grande Homes Pvt. Ltd.,"M/s.s.prabhu Kumar,k-1301,s.no.35/2a2,2b2,36/2b,3,37/1,2,kanathur Reddy Kup",3,6915297,95790074457
429,4458,Casa Grande Homes Pvt. Ltd.,"M/s.s.prabhu Kumar,k-1302,s.no.35/2a2,2b2,36/2b,3,37/1,2,kanathur Reddy Kup",3,6915298,95790074458
430,4459,Casa Grande Homes Pvt. Ltd.,"M/s.s.prabhu Kumar,k-1303,s.no.35/2a2,2b2,36/2b,3,37/1,2,kanathur Reddy Kup",3,6915299,95790074459
431,4460,Casa Grande Homes Pvt. Ltd.,"M/s.s.prabhu Kumar,k-1304,s.no.35/2a2,2b2,36/2b,3,37/1,2,kanathur Reddy Kup",3,6915300,95790074460
432,4461,Casa Grande Homes Pvt. Ltd.,"M/s.s.prabhu Kumar,k-1401,s.no.35/2a2,2b2,36/2b,3,37/1,2,kanathur Reddy Kup",3,6916391,95790074461
433,4462,Casa Grande Homes Pvt. Ltd.,"M/s.s.prabhu Kumar,k-1402,s.no.35/2a2,2b2,36/2b,3,37/1,2,kanathur Reddy Kup",3,6916392,95790074462
434,4463,Casa Grande Homes Pvt. Ltd.,"M/s.s.prabhu Kumar,k-1403,s.no.35/2a2,2b2,36/2b,3,37/1,2,kanathur Reddy Kup",3,6916393,95790074463
435,4464,Casa Grande Homes Pvt. Ltd.,"M/s.s.prabhu Kumar,k-1404,s.no.35/2a2,2b2,36/2b,3,37/1,2,kanathur Reddy Kup",3,6916394,95790074464
436,4465,Casa Grande Homes Pvt. Ltd.,"M/s.s.prabhu Kumar,j-101,s.no.35/2a2,2b2,36/2b,3,37/1,2,kanathur Reddy Kup",1,5676201,95790074465
437,4466,Casa Grande Homes Pvt. Ltd.,"M/s.s.prabhu Kumar,j-102casa Grande,s.no.35/2a2,2b2,36/2b,3,37/1,2,kan",1,5676202,95790074466
438,4467,Casa Grande Homes Pvt. Ltd.,"M/s.m/s.s.prabhu Kumar,j-103 Casa Grande,s.no.35/2a2,2b2,36/2b,3,37/1,",1,5676203,95790074467
439,4468,Casa Grande Homes Pvt. Ltd.,"S/o.m/s.s.prabhu Kumar,j-104 Casa Grande,s.no.35/2a2,2b2,36/2b,3,37/1,",1,5676204,95790074468
440,4469,Casa Grande Homes Pvt. Ltd.,"S/o.s.prabhu Kumar,j-105 Casa Grande,s.no.35/2a2,2b2,36/2b,3,37/1,2,ka",1,5676205,95790074469
441,4470,Casa Grande Homes Pvt. Ltd.,"M/s.prabhu Kumar,j-106 Casa Grande,s.no.35/2a2,2b2,36/2b,3,37/1,2,kana",1,5676206,95790074470
442,4471,Casa Grande Homes Pvt. Ltd.,"S/o.prabhu Kumar,j-107,casa Grande Homes Pvt.ltd.,,kanathur Reddy Kuppam ,t",1,5676207,95790074471
443,4472,Casa Grande Homes Pvt. Ltd.,"M/s.s.prabhu Kumar,j-108,casa Grande Homes Pvt.ltd.,,kanathur Reddy Kuppam",1,5676208,95790074472
444,4473,Casa Grande Homes Pvt. Ltd.,"M/s.s.prabhu Kumar,j-109,casa Grande Homes Pvt.ltd.,,kanathur Reddy Kuppam",1,5676209,95790074473
445,4474,Casa Grande Homes Pvt. Ltd.,"M/s.s.prabhu Kumar,j-110,casa Grande Homes Pvt.ltd.,,kanathur Reddy Kuppam",1,5676210,95790074474
446,4475,Casa Grande Homes Pvt. Ltd.,"M/s.s.prabhu Kumar,j-111,casa Grande Homes Pvt.ltd.,,kanathur Reddy Kuppam",1,5676211,95790074475
447,4476,Casa Grande Homes Pvt. Ltd.,"M/s.m/s.s.prabhu Kumar,j-201,casa Grande Homes Pvt.ltd.,,kanathur Reddy Kup",1,5676212,95790074476
448,4477,Casa Grande Homes Pvt. Ltd.,"M/s.s.prabhu Kumar,j-202,casa Grande Homes Pvt.ltd.,,kanathur Reddy Kuppam",1,5676213,95790074477
449,4478,Casa Grande Homes Pvt. Ltd.,"M/s.s.prabhu Kumar,j-203,casa Grande Homes Pvt.ltd.,,kanathur Reddy Kuppam",1,5676214,95790074478
450,4479,Casa Grande Homes Pvt. Ltd.,"M/s.s.prabhu Kumar,j-204,casa Grande Homes Pvt.ltd.,,kanathur Reddy Kuppam",1,5676217,95790074479
451,4480,Casa Grande Homes Pvt. Ltd.,"M/s.s.prabhu Kumar,j-205,casa Grande Homes Pvt.ltd.,,kanathur Reddy Kuppam",1,5676216,95790074480
452,4481,Casa Grande Homes Pvt. Ltd.,"M/s.s.prabhu Kumar,j-206,casa Grande Homes Pvt.ltd.,,kanathur Reddy Kuppam",1,5676217,95790074481
453,4482,Casa Grande Homes Pvt. Ltd.,"M/s.s.prabhu Kumar,j-207,casa Grande Homes Pvt.ltd.,,kanathur Reddy Kuppam",1,5676218,95790074482
454,4483,Casa Grande Homes Pvt. Ltd.,"M/s.s.prabhu Kumar,j-208,casa Grande Homes Pvt.ltd.,,kanathur Reddy Kuppam",1,5676219,95790074483
455,4484,Casa Grande Homes Pvt. Ltd.,"M/s.s.prabhu Kumar,j-209,casa Grande Homes Pvt.ltd.,,kanathur Reddy Kuppam",1,5676220,95790074484
456,4485,Casa Grande Homes Pvt. Ltd.,"M/s.s.prabhu Kumar,j-210,casa Grande Homes Pvt.ltd.,,kanathur Reddy Kuppam",1,5676221,95790074485
457,4486,Casa Grande Homes Pvt. Ltd.,"M/s.s.prabhu Kumar,j-211,casa Grande Homes Pvt.ltd.,,kanathur Reddy Kuppam",1,5676222,95790074486
458,4487,Casa Grande Homes Pvt. Ltd.,"M/s.s.prabhu Kumar,j-301,casa Grande Homes Pvt.ltd.,,kanathur Reddy Kuppam",1,5676223,95790074487
459,4488,Casa Grande Homes Pvt. Ltd.,"M/s.s.prabhu Kumar,j-302,casa Grande Homes Pvt.ltd.,,kanathur Reddy Kuppam",1,5676224,95790074488
460,4489,Casa Grande Homes Pvt. Ltd.,"M/s.s.prabhu Kumar,j-303,casa Grande Homes Pvt.ltd.,,kanathur Reddy Kuppam",1,5676225,95790074489
461,4490,Casa Grande Homes Pvt. Ltd.,"M/s.s.prabhu Kumar,j-304,casa Grande Homes Pvt.ltd.,,kanathur Reddy Kuppam",1,5676226,95790074490
462,4491,Casa Grande Homes Pvt. Ltd.,"M/s.s.prabhu Kumar,j-305,casa Grande Homes Pvt.ltd.,,kanathur Reddy Kuppam",1,5676227,95790074491
463,4492,Casa Grande Homes Pvt. Ltd.,"M/s.s.prabhu Kumar,j-306,casa Grande Homes Pvt.ltd.,,kanathur Reddy Kuppam",1,5676228,95790074492
464,4493,Casa Grande Homes Pvt. Ltd.,"M/s.s.prabhu Kumar,j-307,casa Grande Homes Pvt.ltd.,kanathur Reddy Kuppam ,",1,5676229,95790074493
465,4494,Casa Grande Homes Pvt. Ltd.,"M/s.s.prabhu Kumar,j-308,casa Grande Homes Pvt.ltd.,,kanathur Reddy Kuppam",1,5676230,95790074494
466,4495,Casa Grande Homes Pvt. Ltd.,"M/s.s.prabhu Kumar,j-309,s.no.35/2a2,2b2,36/2b,3,37/1,2,kanathur Reddy Kupp",1,5676231,95790074495
467,4496,Casa Grande Homes Pvt. Ltd.,"M/s.s.prabhu Kumar,j-310,casa Grande Homes Pvt.ltd.,,kanathur Reddy Kuppam",1,5676232,95790074496
468,4497,Casa Grande Homes Pvt. Ltd.,"M/s.s.prabhu Kumar,j-311,casa Grande Homes Pvt.ltd.,,kanathur Reddy Kuppam",1,5676233,95790074497
469,4498,Casa Grande Homes Pvt. Ltd.,"M/s.s.prabhu Kumar,j-401,casa Grande Homes Pvt.ltd.,,kanathur Reddy Kuppam",1,5676234,95790074498
470,4499,Casa Grande Homes Pvt. Ltd.,"M/s.s.prabhu Kumar,j-402,casa Grande Homes Pvt.ltd.,,kanathur Reddy Kuppam",1,5676235,95790074499
471,4500,Casa Grande Homes Pvt. Ltd.,"M/s.s.prabhu Kumar,j-403,casa Grande Homes Pvt.ltd.,,kanathur Reddy Kuppam",1,5676236,95790074500
472,4501,Casa Grande Homes Pvt. Ltd.,"M/s.s.prabhu Kumar,j-404,s.no.35/2a2,2b2,36/2b,3,37/1,2,kanathur Reddy Kupp",1,5676237,95790074501
473,4502,Casa Grande Homes Pvt. Ltd.,"M/s.s.prabhu Kumar,j-405,s.no.35/2a2,2b2,36/2b,3,37/1,2,kanathur Reddy Kupp",1,5676238,95790074502
474,4503,Casa Grande Homes Pvt. Ltd.,"M/s.s.prabhu Kumar,j-406,s.no.35/2a2,2b2,36/2b,3,37/1,2,kanathur Reddy Kupp",1,5676239,95790074503
475,4504,Casa Grande Homes Pvt. Ltd.,"M/s.s.prabhu Kumar,j-407,s.no.35/2a2,2b2,36/2b,3,37/1,2,kanathur Reddy Kupp",1,5676240,95790074504
476,4505,Casa Grande Homes Pvt. Ltd.,"M/s.s.prabhu Kumar,j-408,s.no.35/2a2,2b2,36/2b,3,37/1,2,kanathur Reddy Kupp",1,5676241,95790074505
477,4506,Casa Grande Homes Pvt. Ltd.,"M/s.s.prabhu Kumar,j-409,casa Grande Homes Pvt.ltd.,,kanathur Reddy Kuppam",1,5676242,95790074506
478,4507,Casa Grande Homes Pvt. Ltd.,"M/s.s.prabhu Kumar,j-410,casa Grande Homes Pvt.ltd.,,kanathur Reddy Kuppam",1,5676243,95790074507
479,4508,Casa Grande Homes Pvt. Ltd.,"M/s.s.prabhu Kumar,j-411,s.no.35/2a2,2b2,36/2b,3,37/1,2,kanathur Reddy Kupp",1,5676244,95790074508
480,4509,Casa Grande Homes Pvt. Ltd.,"M/s.s.prabhu Kumar,j-501,casa Grande Homes Pvt.ltd.,,kanathur Reddy Kuppam",1,5676245,95790074509
481,4510,Casa Grande Homes Pvt. Ltd.,"M/s.s.prabhu Kumar,j-502,casa Grande Homes Pvt.ltd.,,kanathur Reddy Kuppam",1,5676246,95790074510
482,4511,Casa Grande Homes Pvt. Ltd.,"M/s.s.prabhu Kumar,j-503,casa Grande Homes Pvt.ltd.,,kanathur Reddy Kuppam",1,5676247,95790074511
483,4512,Casa Grande Homes Pvt. Ltd.,"M/s.s.prabhu Kumar,j-504,casa Grande Homes Pvt.ltd.,,kanathur Reddy Kuppam",1,5676248,95790074512
484,4513,Casa Grande Homes Pvt. Ltd.,"M/s.s.prabhu Kumar,j-505,s.no.35/2a2,2b2,36/2b,3,37/1,2,kanathur Reddy Kupp",1,5676249,95790074513
485,4514,Casa Grande Homes Pvt. Ltd.,"M/s.s.prabhu Kumar,j-506,casa Grande Homes Pvt.ltd.,,kanathur Reddy Kuppam",1,5676250,95790074514
486,4515,Casa Grande Homes Pvt. Ltd.,"M/s.s.prabhu Kumar,j-507,s.no.35/2a2,2b2,36/2b,3,37/1,2,kanathur Reddy Kupp",1,5673264,95790074515
487,4516,Casa Grande Homes Pvt. Ltd.,"M/s.s.prabhu Kumar,j-508,casa Grande Homes Pvt.ltd.,,kanathur Reddy Kuppam",1,5673285,95790074516
488,4517,Casa Grande Homes Pvt. Ltd.,"M/s.s.prabhu Kumar,j-509,casa Grande Homes Pvt.ltd.,,kanathur Reddy Kuppam",1,5675701,95790074517
489,4518,Casa Grande Homes Pvt. Ltd.,"M/s.s.prabhu Kumar,j-510,s.no.35/2a2,2b2,36/2b,3,37/1,2,kanathur Reddy Kupp",1,5675702,95790074518
490,4519,Casa Grande Homes Pvt. Ltd.,"M/s.s.prabhu Kumar,j-511,casa Grande Homes Pvt.ltd.,,kanathur Reddy Kuppam",1,5675703,95790074519
491,4520,Casa Grande Homes Pvt. Ltd.,"M/s.s.prabhu Kumar,j-601,casa Grande Homes Pvt.ltd.,,kanathur Reddy Kuppam",1,5675704,95790074520
492,4521,Casa Grande Homes Pvt. Ltd.,"M/s.s.prabhu Kumar,j-602,s.no.35/2a2,2b2,36/2b,3,37/1,2,kanathur Reddy Kupp",1,5675705,95790074521
493,4522,Casa Grande Homes Pvt. Ltd.,"M/s.s.prabhu Kumar,j-603,s.no.35/2a2,2b2,36/2b,3,37/1,2,kanathur Reddy Kupp",1,5675706,95790074522
494,4523,Casa Grande Homes Pvt. Ltd.,"M/s.s.prabhu Kumar,j-604,s.no.35/2a2,2b2,36/2b,3,37/1,2,kanathur Reddy Kupp",1,5675707,95790074523
495,4524,Casa Grande Homes Pvt. Ltd.,"M/s.s.prabhu Kumar,j-605,casa Grande Homes Pvt.ltd.,,kanathur Reddy Kuppam",1,5675708,95790074524
496,4525,Casa Grande Homes Pvt. Ltd.,"M/s.s.prabhu Kumar,j-606,casa Grande Homes Pvt.ltd.,,kanathur Reddy Kuppam",1,5675709,95790074525
497,4526,Casa Grande Homes Pvt. Ltd.,"M/s.s.prabhu Kumar,j-607,casa Grande Homes Pvt.ltd.,,kanathur Reddy Kuppam",1,5675710,95790074526
498,4527,Casa Grande Homes Pvt. Ltd.,"M/s.s.prabhu Kumar,j-608,casa Grande Homes Pvt.ltd.,,kanathur Reddy Kuppam",1,5675711,95790074527
499,4528,Casa Grande Homes Pvt. Ltd.,"M/s.s.prabhu Kumar,j-609,casa Grande Homes Pvt.ltd.,kanathur Reddy Kuppam ,",1,5675712,95790074528
500,4529,Casa Grande Homes Pvt. Ltd.,"M/s.s.prabhu Kumar,j-610,casa Grande Homes Pvt.ltd.,,kanathur Reddy Kuppam",1,5675713,95790074529
501,4530,Casa Grande Homes Pvt. Ltd.,"M/s.s.prabhu Kumar,j-611,s.no.35/2a2,2b2,36/2b,3,37/1,2,kanathur Reddy Kupp",1,5675714,95790074530
502,4531,Casa Grande Homes Pvt. Ltd.,"M/s.s.prabhu Kumar,j-701,casa Grande Homes Pvt.ltd.,,kanathur Reddy Kuppam",1,5675715,95790074531
503,4532,Casa Grande Homes Pvt. Ltd.,"M/s.s.prabhu Kumar,j-702,s.no.35/2a2,2b2,36/2b,3,37/1,2,kanathur Reddy Kupp",1,5675716,95790074532
504,4533,Casa Grande Homes Pvt. Ltd.,"M/s.s.prabhu Kumar,j-703,s.no.35/2a2,2b2,36/2b,3,37/1,2,kanathur Reddy Kupp",1,5675717,95790074533
505,4534,Casa Grande Homes Pvt. Ltd.,"M/s.s.prabhu Kumar,j-704,s.no.35/2a2,2b2,36/2b,3,37/1,2,kanathur Reddy Kupp",1,5675718,95790074534
506,4535,Casa Grande Homes Pvt. Ltd.,"M/s.s.prabhu Kumar,j-705,s.no.35/2a2,2b2,36/2b,3,37/1,2,kanathur Reddy Kupp",1,5675719,95790074535
507,4536,Casa Grande Homes Pvt. Ltd.,"M/s.s.prabhu Kumar,j-706,s.no.35/2a2,2b2,36/2b,3,37/1,2,kanathur Reddy Kupp",1,5675720,95790074536
508,4537,Casa Grande Homes Pvt. Ltd.,"M/s.s.prabhu Kumar,j-707,s.no.35/2a2,2b2,36/2b,3,37/1,2,kanathur Reddy Kupp",1,5675721,95790074537
509,4538,Casa Grande Homes Pvt. Ltd.,"M/s.s.prabhu Kumar,j-708,s.no.35/2a2,2b2,36/2b,3,37/1,2,kanathur Reddy Kupp",1,5675722,95790074538
510,4539,Casa Grande Homes Pvt. Ltd.,"M/s.s.prabhu Kumar,j-709,s.no.35/2a2,2b2,36/2b,3,37/1,2,kanathur Reddy Kupp",1,5675723,95790074539
511,4540,Casa Grande Homes Pvt. Ltd.,"M/s.s.prabhu Kumar,j-710,s.no.35/2a2,2b2,36/2b,3,37/1,2,kanathur Reddy Kupp",1,5675724,95790074540
512,4541,Casa Grande Homes Pvt. Ltd.,"M/s.s.prabhu Kumar,j-711,s.no.35/2a2,2b2,36/2b,3,37/1,2,kanathur Reddy Kupp",1,5675725,95790074541
513,4542,Casa Grande Homes Pvt. Ltd.,"M/s.s.prabhu Kumar,j-801,s.no.35/2a2,2b2,36/2b,3,37/1,2,kanathur Reddy Kupp",1,5675726,95790074542
514,4543,Casa Grande Homes Pvt. Ltd.,"M/s.s.prabhu Kumar,j-802,s.no.35/2a2,2b2,36/2b,3,37/1,2,kanathur Reddy Kupp",1,5675727,95790074543
515,4544,Casa Grande Homes Pvt. Ltd.,"M/s.s.prabhu Kumar,j-803,s.no.35/2a2,2b2,36/2b,3,37/1,2,kanathur Reddy Kupp",1,5675728,95790074544
516,4545,Casa Grande Homes Pvt. Ltd.,"M/s.s.prabhu Kumar,j-804,s.no.35/2a2,2b2,36/2b,3,37/1,2,kanathur Reddy Kupp",1,5675729,95790074545
517,4546,Casa Grande Homes Pvt. Ltd.,"M/s.s.prabhu Kumar,j-805,s.no.35/2a2,2b2,36/2b,3,37/1,2,kanathur Reddy Kupp",1,5675730,95790074546
518,4547,Casa Grande Homes Pvt. Ltd.,"M/s.s.prabhu Kumar,j-806,s.no.35/2a2,2b2,36/2b,3,37/1,2,kanathur Reddy Kupp",1,5675731,95790074547
519,4548,Casa Grande Homes Pvt. Ltd.,"M/s.s.prabhu Kumar,j-807,s.no.35/2a2,2b2,36/2b,3,37/1,2,kanathur Reddy Kupp",1,5675732,95790074548
520,4549,Casa Grande Homes Pvt. Ltd.,"M/s.s.prabhu Kumar,j-808,s.no.35/2a2,2b2,36/2b,3,37/1,2,kanathur Reddy Kupp",1,5675733,95790074549
521,4550,Casa Grande Homes Pvt. Ltd.,"M/s.s.prabhu Kumar,j-811,s.no.35/2a2,2b2,36/2b,3,37/1,2,kanathur Reddy Kupp",1,5675734,95790074550
522,4551,Casa Grande Homes Pvt. Ltd.,"M/s.s.prabhu Kumar,j-901,casa Grande Homes Pvt. Ltd.,kanathur Reddy Kuppam",1,5675735,95790074551
523,4552,Casa Grande Homes Pvt. Ltd.,"M/s.s.prabhu Kumar,j-902,casa Grande Homes Pvt. Ltd.,kanathur Reddy Kuppam",1,5675736,95790074552
524,4553,Casa Grande Homes Pvt. Ltd.,"M/s.s.prabhu Kumar,j-903,casa Grande Homes Pvt. Ltd.,kanathur Reddy Kuppam",1,5675737,95790074553
525,4554,Casa Grande Homes Pvt. Ltd.,"M/s.s.prabhu Kumar,j-904,casa Grande Homes Pvt. Ltd.,kanathur Reddy Kuppam",1,5675738,95790074554
526,4555,Casa Grande Homes Pvt. Ltd.,"M/s.s.prabhu Kumar,j-905,casa Grande Homes Pvt. Ltd.,kanathur Reddy Kuppam",1,5675739,95790074555
527,4556,Casa Grande Homes Pvt. Ltd.,"M/s.s.prabhu Kumar,j-906,casa Grande Homes Pvt. Ltd.,kanathur Reddy Kuppam",1,5675740,95790074556
528,4557,Casa Grande Homes Pvt. Ltd.,"M/s.s.prabhu Kumar,j-907,casa Grande Homes Pvt. Ltd.,kanathur Reddy Kuppam",1,5675741,95790074557
529,4558,Casa Grande Homes Pvt. Ltd.,"M/s.s.prabhu Kumar,j-908,s.no.35/2a2,2b2,36/2b,3,37/1,2,kanathur Reddy Kupp",1,5675742,95790074558
530,4559,Casa Grande Homes Pvt. Ltd.,"M/s.s.prabhu Kumar,j-909,casa Grande Homes Pvt. Ltd.,kanathur Reddy Kuppam",1,5675743,95790074559
531,4560,Casa Grande Homes Pvt. Ltd.,"M/s.s.prabhu Kumar,j-910,casa Grande Homes Pvt. Ltd.,kanathur Reddy Kuppam",1,5675744,95790074560
532,4561,Casa Grande Homes Pvt. Ltd.,"M/s.s.prabhu Kumar,j-911,s.no.35/2a2,2b2,36/2b,3,37/1,2,kanathur Reddy Kupp",1,5675745,95790074561
533,4562,Casa Grande Homes Pvt. Ltd.,"M/s.s.prabhu Kumar,j-1001,s.no.35/2a2,2b2,36/2b,3,37/1,2,kanathur Reddy Kup",1,5675746,95790074562
534,4563,Casa Grande Homes Pvt. Ltd.,"M/s.s.prabhu Kumar,j-1002,s.no.35/2a2,2b2,36/2b,3,37/1,2,kanathur Reddy Kup",1,5675747,95790074563
535,4564,Casa Grande Homes Pvt. Ltd.,"M/s.s.prabhu Kumar,j-1003,s.no.35/2a2,2b2,36/2b,3,37/1,2,kanathur Reddy Kup",1,5675748,95790074564
536,4565,Casa Grande Homes Pvt. Ltd.,"M/s.s.prabhu Kumar,j-1004,s.no.35/2a2,2b2,36/2b,3,37/1,2,kanathur Reddy Kup",1,5675749,95790074565
537,4566,Casa Grande Homes Pvt. Ltd.,"M/s.s.prabhu Kumar,j-1005,s.no.35/2a2,2b2,36/2b,3,37/1,2,kanathur Reddy Kup",1,5675750,95790074566
538,4567,Casa Grande Homes Pvt. Ltd.,"M/s.s.prabhu Kumar,j-1006,s.no.35/2a2,2b2,36/2b,3,37/1,2,kanathur Reddy Kup",1,5670701,95790074567
539,4568,Casa Grande Homes Pvt. Ltd.,"M/s.s.prabhu Kumar,j-1007,s.no.35/2a2,2b2,36/2b,3,37/1,2,kanathur Reddy Kup",1,5670702,95790074568
540,4569,Casa Grande Homes Pvt. Ltd.,"M/s.s.prabhu Kumar,j-1008,s.no.35/2a2,2b2,36/2b,3,37/1,2,kanathur Reddy Kup",1,5670703,95790074569
541,4570,Casa Grande Homes Pvt. Ltd.,"M/s.s.prabhu Kumar,j-1009,s.no.35/2a2,2b2,36/2b,3,37/1,2,kanathur Reddy Kup",1,5670704,95790074570
542,4571,Casa Grande Homes Pvt. Ltd.,"M/s.s.prabhu Kumar,j-1010,s.no.35/2a2,2b2,36/2b,3,37/1,2,kanathur Reddy Kup",1,5670705,95790074571
543,4572,Casa Grande Homes Pvt. Ltd.,"J-1011,casa Grande Homes ,kanathur,thirupporur",1,5670706,95790074572
544,4573,Casa Grande Homes Pvt. Ltd.,"M/s.s.prabhu Kumar,j-1101,s.no.35/2a2,2b2,36/2b,3,37/1,2,kanathur Reddy Kup",1,5670707,95790074573
545,4574,Casa Grande Homes Pvt. Ltd.,"M/s.s.prabhu Kumar,j-1102,s.no.35/2a2,2b2,36/2b,3,37/1,2,kanathur Reddy Kup",1,5670708,95790074574
546,4575,Casa Grande Homes Pvt. Ltd.,"M/s.s.prabhu Kumar,j-1103,s.no.35/2a2,2b2,36/2b,3,37/1,2,kanathur Reddy Kup",1,5670709,95790074575
547,4576,Casa Grande Homes Pvt. Ltd.,"M/s.s.prabhu Kumar,j-1104,s.no.35/2a2,2b2,36/2b,3,37/1,2,kanathur Reddy Kup",1,5670710,95790074576
548,4577,Casa Grande Homes Pvt. Ltd.,"M/s.s.prabhu Kumar,j-1105,s.no.35/2a2,2b2,36/2b,3,37/1,2,kanathur Reddy Kup",1,5670711,95790074577
549,4578,Casa Grande Homes Pvt. Ltd.,"M/s.s.prabhu Kumar,j-1106,s.no.35/2a2,2b2,36/2b,3,37/1,2,kanathur Reddy Kup",1,5670712,95790074578
550,4579,Casa Grande Homes Pvt. Ltd.,"M/s.s.prabhu Kumar,j-1107,s.no.35/2a2,2b2,36/2b,3,37/1,2,kanathur Reddy Kup",1,5670713,95790074579
551,4580,Casa Grande Homes Pvt. Ltd.,"M/s.s.prabhu Kumar,j-1108,s.no.35/2a2,2b2,36/2b,3,37/1,2,kanathur Reddy Kup",1,5670714,95790074580
552,4581,Casa Grande Homes Pvt. Ltd.,"M/s.s.prabhu Kumar,j-1109,s.no.35/2a2,2b2,36/2b,3,37/1,2,kanathur Reddy Kup",1,5670715,95790074581
553,4582,Casa Grande Homes Pvt. Ltd.,"M/s.s.prabhu Kumar,j-1110,s.no.35/2a2,2b2,36/2b,3,37/1,2,kanathur Reddy Kup",1,5670716,95790074582
554,4583,Casa Grande Homes Pvt. Ltd.,"M/s.s.prabhu Kumar,j-1111,s.no.35/2a2,2b2,36/2b,3,37/1,2,kanathur Reddy Kup",1,5670717,95790074583
555,4584,Casa Grande Homes Pvt. Ltd.,"M/s.s.prabhu Kumar,j-1201,s.no.35/2a2,2b2,36/2b,3,37/1,2,kanathur Reddy Kup",1,5670718,95790074584
556,4585,Casa Grande Homes Pvt. Ltd.,"M/s.s.prabhu Kumar,j-1202,s.no.35/2a2,2b2,36/2b,3,37/1,2,kanathur Reddy Kup",1,5670719,95790074585
557,4586,Casa Grande Homes Pvt. Ltd.,"M/s.s.prabhu Kumar,j-1203,s.no.35/2a2,2b2,36/2b,3,37/1,2,kanathur Reddy Kup",1,5670720,95790074586
558,4587,Casa Grande Homes Pvt. Ltd.,"M/s.s.prabhu Kumar,j-1204,s.no.35/2a2,2b2,36/2b,3,37/1,2,kanathur Reddy Kup",1,5670721,95790074587
559,4588,Casa Grande Homes Pvt. Ltd.,"M/s.s.prabhu Kumar,j-1205,s.no.35/2a2,2b2,36/2b,3,37/1,2,kanathur Reddy Kup",1,5670722,95790074588
560,4589,Casa Grande Homes Pvt. Ltd.,"M/s.s.prabhu Kumar,j-1206,s.no.35/2a2,2b2,36/2b,3,37/1,2,kanathur Reddy Kup",1,5670723,95790074589
561,4590,Casa Grande Homes Pvt. Ltd.,"M/s.s.prabhu Kumar,j-1207,s.no.35/2a2,2b2,36/2b,3,37/1,2,kanathur Reddy Kup",1,5670724,95790074590
562,4591,Casa Grande Homes Pvt. Ltd.,"M/s.s.prabhu Kumar,j-1208,s.no.35/2a2,2b2,36/2b,3,37/1,2,kanathur Reddy Kup",1,5670725,95790074591
563,4592,Casa Grande Homes Pvt. Ltd.,"M/s.s.prabhu Kumar,j-1209,s.no.35/2a2,2b2,36/2b,3,37/1,2,kanathur Reddy Kup",1,5670726,95790074592
564,4593,Casa Grande Homes Pvt. Ltd.,"M/s.s.prabhu Kumar,j-1210,s.no.35/2a2,2b2,36/2b,3,37/1,2,kanathur Reddy Kup",1,5670727,95790074593
565,4594,Casa Grande Homes Pvt. Ltd.,"M/s.s.prabhu Kumar,j-1211,s.no.35/2a2,2b2,36/2b,3,37/1,2,kanathur Reddy Kup",1,5670728,95790074594
566,4595,Casa Grande Homes Pvt. Ltd.,"M/s.s.prabhu Kumar,j-1301,s.no.35/2a2,2b2,36/2b,3,37/1,2,kanathur Reddy Kup",1,5670729,95790074595
567,4596,Casa Grande Homes Pvt. Ltd.,"M/s.s.prabhu Kumar,j-1302,s.no.35/2a2,2b2,36/2b,3,37/1,2,kanathur Reddy Kup",1,5670730,95790074596
568,4597,Casa Grande Homes Pvt. Ltd.,"M/s.s.prabhu Kumar,j-1303,s.no.35/2a2,2b2,36/2b,3,37/1,2,kanathur Reddy Kup",1,5670731,95790074597
569,4598,Casa Grande Homes Pvt. Ltd.,"M/s.s.prabhu Kumar,j-1304,s.no.35/2a2,2b2,36/2b,3,37/1,2,kanathur Reddy Kup",1,5670732,95790074598
570,4599,Casa Grande Homes Pvt. Ltd.,"M/s.s.prabhu Kumar,j-1305,s.no.35/2a2,2b2,36/2b,3,37/1,2,kanathur Reddy Kup",1,5670733,95790074599
571,4600,Casa Grande Homes Pvt. Ltd.,"M/s.s.prabhu Kumar,j-1306,s.no.35/2a2,2b2,36/2b,3,37/1,2,kanathur Reddy Kup",1,5670734,95790074600
572,4601,Casa Grande Homes Pvt. Ltd.,"M/s.s.prabhu Kumar,j-1307,s.no.35/2a2,2b2,36/2b,3,37/1,2,kanathur Reddy Kup",1,5670735,95790074601
573,4602,Casa Grande Homes Pvt. Ltd.,"M/s.s.prabhu Kumar,j-1308,s.no.35/2a2,2b2,36/2b,3,37/1,2,kanathur Reddy Kup",1,5670736,95790074602
574,4603,Casa Grande Homes Pvt. Ltd.,"M/s.s.prabhu Kumar,j-1309,s.no.35/2a2,2b2,36/2b,3,37/1,2,kanathur Reddy Kup",1,5670737,95790074603
575,4604,Casa Grande Homes Pvt. Ltd.,"M/s.s.prabhu Kumar,j-1310,s.no.35/2a2,2b2,36/2b,3,37/1,2,kanathur Reddy Kup",1,5670738,95790074604
576,4605,Casa Grande Homes Pvt. Ltd.,"M/s.s.prabhu Kumar,j-1311,s.no.35/2a2,2b2,36/2b,3,37/1,2,kanathur Reddy Kup",1,5670739,95790074605
577,4606,Casa Grande Homes Pvt. Ltd.,"M/s.s.prabhu Kumar,j-1401,s.no.35/2a2,2b2,36/2b,3,37/1,2,kanathur Reddy Kup",1,5670740,95790074606
578,4607,Casa Grande Homes Pvt. Ltd.,"M/s.s.prabhu Kumar,j-1402,s.no.35/2a2,2b2,36/2b,3,37/1,2,kanathur Reddy Kup",1,5670741,95790074607
579,4608,Casa Grande Homes Pvt. Ltd.,"M/s.s.prabhu Kumar,j-1403,s.no.35/2a2,2b2,36/2b,3,37/1,2,kanathur Reddy Kup",1,5670742,95790074608
580,4609,Casa Grande Homes Pvt. Ltd.,"M/s.s.prabhu Kumar,j-1404,s.no.35/2a2,2b2,36/2b,3,37/1,2,kanathur Reddy Kup",1,5670743,95790074609
581,4610,Casa Grande Homes Pvt. Ltd.,"M/s.s.prabhu Kumar,j-1405,s.no.35/2a2,2b2,36/2b,3,37/1,2,kanathur Reddy Kup",1,5670744,95790074610
582,4611,Casa Grande Homes Pvt. Ltd.,"M/s.s.prabhu Kumar,j-1406,s.no.35/2a2,2b2,36/2b,3,37/1,2,kanathur Reddy Kup",1,5670745,95790074611
583,4612,Casa Grande Homes Pvt. Ltd.,"M/s.s.prabhu Kumar,j-1407,s.no.35/2a2,2b2,36/2b,3,37/1,2,kanathur Reddy Kup",1,5670746,95790074612
584,4613,Casa Grande Homes Pvt. Ltd.,"M/s.s.prabhu Kumar,j-1408,s.no.35/2a2,2b2,36/2b,3,37/1,2,kanathur Reddy Kup",1,5670747,95790074613
585,4614,Casa Grande Homes Pvt. Ltd.,"M/s.s.prabhu Kumar,j-1409,s.no.35/2a2,2b2,36/2b,3,37/1,2,kanathur Reddy Kup",1,5670748,95790074614
586,4615,Casa Grande Homes Pvt. Ltd.,"M/s.s.prabhu Kumar,j-1410,s.no.35/2a2,2b2,36/2b,3,37/1,2,kanathur Reddy Kup",1,5670749,95790074615
587,4616,Casa Grande Homes Pvt. Ltd.,"M/s.s.prabhu Kumar,j-1411,s.no.35/2a2,2b2,36/2b,3,37/1,2,kanathur Reddy Kup",1,5670750,95790074616
